ID,Order ID,Status,Project Name,Type,Token Name,Stage,From Address,Fund Address,Received Address,Transmit Address,Amount,Project Quota,Platform Quota,Created Time,Updated Time,Amount Float,Buy Amount,Project ID,Transaction Hash,Has Incribed,Page Num,Page Size,Price,Failure Description,Size,Handling Fee
561,de314c86-21b9-4851-ae38-c2ffbccb7d3c,distribute,FT001,FT,ckll,whitelist,tb1q8gfj63cgvh8dqltp0kmpzghnx7sxz349q58hkn,tb1p0ghj44qfkpuular7vez8fqdz3armsw3z2n522g48c4uxgnprscrsd0ekze,tb1q8gfj63cgvh8dqltp0kmpzghnx7sxz349q58hkn,,2000,null,null,Fri Feb 23 15:30:50 CST 2024,Fri Feb 23 15:30:50 CST 2024,null,2,26,cb6c5c34ad094644d65b962ae63845630e30ccf17ad6f89eddc7d4be7ecaae63,uninscribed,null,null,null,null,null,null
560,d028d609-bfbd-4bbf-8e50-5140ac4f4470,failed,FT001,FT,ckll,whitelist,tb1q8gfj63cgvh8dqltp0kmpzghnx7sxz349q58hkn,tb1p0ghj44qfkpuular7vez8fqdz3armsw3z2n522g48c4uxgnprscrsd0ekze,tb1q8gfj63cgvh8dqltp0kmpzghnx7sxz349q58hkn,,2000,null,null,Fri Feb 23 15:30:47 CST 2024,Fri Feb 23 15:30:47 CST 2024,null,2,26,eda77327eae87cd9f0b22dcb9412cfca4f38dca3ff74e890c11fc401cfe64719,uninscribed,null,null,null,null,null,null
557,46309419-e631-4ace-a1f2-3487db9544af,failed,FT001,FT,ckll,public,tb1q8gfj63cgvh8dqltp0kmpzghnx7sxz349q58hkn,tb1p0ghj44qfkpuular7vez8fqdz3armsw3z2n522g48c4uxgnprscrsd0ekze,tb1q8gfj63cgvh8dqltp0kmpzghnx7sxz349q58hkn,,2000,null,null,Fri Feb 23 15:17:45 CST 2024,Fri Feb 23 15:17:45 CST 2024,null,1,26,a37ed887eeb9642ac9bfbc2980a80e8b3c0a12f97ee31dcff645d52c9e625d7e,uninscribed,null,null,null,null,null,null
556,c821db2e-1bdc-46a7-8ce2-74a989e050e0,distribute,FT001,FT,ckll,public,tb1q8gfj63cgvh8dqltp0kmpzghnx7sxz349q58hkn,tb1p0ghj44qfkpuular7vez8fqdz3armsw3z2n522g48c4uxgnprscrsd0ekze,tb1q8gfj63cgvh8dqltp0kmpzghnx7sxz349q58hkn,,2000,null,null,Fri Feb 23 15:17:42 CST 2024,Fri Feb 23 15:17:42 CST 2024,null,1,26,6581ef3016af2b72413257e08b2d54eb0ee986dd8c957b8356f5b48a93c3e218,uninscribed,null,null,null,null,null,null
547,1822e989-2d24-419f-81c0-f795947a767c,unisatVerify,Coinmarketcap,FT,CMCA,whitelist,tb1qf46ukxxcxhn8hz2qlyaxmczeyxukwsm8vdttjl,tb1qdynfa04napkmmml4erfk6qmrtkf26j04lku4pj,tb1qf46ukxxcxhn8hz2qlyaxmczeyxukwsm8vdttjl,,1210,null,null,Thu Feb 22 13:54:49 CST 2024,Thu Feb 22 13:54:49 CST 2024,null,100,34,a737f9d14f9b3c3d24b1a6d7f21f66a08dd70f2c87e7ff04da16423a888b9449,inscribed,null,null,null,null,null,null
546,e93f392d-b75f-42c6-b017-a2a0e5f8a41e,unisatVerify,Coinmarketcap,FT,CMCA,whitelist,tb1p57y6c08hkft44lfvevj2nn8t0m8d5sqkfsxtpjul9s0f33928mwsjus2rk,tb1qdynfa04napkmmml4erfk6qmrtkf26j04lku4pj,tb1p57y6c08hkft44lfvevj2nn8t0m8d5sqkfsxtpjul9s0f33928mwsjus2rk,,1210,null,null,Thu Feb 22 11:20:19 CST 2024,Thu Feb 22 11:20:19 CST 2024,null,200,34,825fb3ec655abbdc47cd337b1f2b42f30130ff1d0dc697333c0727329f2565ac,inscribed,null,null,null,null,null,null
545,75bcd481-4fd2-4594-9823-0088aea42518,completed,NFT005,NFT,nft05,whitelist,tb1q8gfj63cgvh8dqltp0kmpzghnx7sxz349q58hkn,tb1qd59dp6c6ledpguv8c3zk55h80cdueed6cuxlpt,tb1q8gfj63cgvh8dqltp0kmpzghnx7sxz349q58hkn,,1200,null,null,Wed Feb 21 16:16:44 CST 2024,Wed Feb 21 16:16:44 CST 2024,null,1,5,934aa37af1604f7d2216a5c092900ef40f3beff80a7df9fdc577774592ee550d,uninscribed,null,null,null,null,null,null
544,d75ddc71-0305-47ea-83e3-ae371125f50e,failed,NFT004,NFT,nft04,public,tb1q8gfj63cgvh8dqltp0kmpzghnx7sxz349q58hkn,tb1p6v6duc4jllchezh5z5ftxza6s2kcs3x3tge6hny8a3kdyy4r9daquj474x,tb1q8gfj63cgvh8dqltp0kmpzghnx7sxz349q58hkn,,1300,null,null,Tue Feb 20 16:04:49 CST 2024,Tue Feb 20 16:05:04 CST 2024,null,1,4,13f1c14ad5da21fd5cc1aa904c72608b8eb0abdcd56eb2966b21a9f959695d0b,uninscribed,null,null,null,null,null,null
543,b5b1c84e-e45b-4820-8399-3762966542a2,completed,NFT004,NFT,nft04,public,tb1q8gfj63cgvh8dqltp0kmpzghnx7sxz349q58hkn,tb1p6v6duc4jllchezh5z5ftxza6s2kcs3x3tge6hny8a3kdyy4r9daquj474x,tb1q8gfj63cgvh8dqltp0kmpzghnx7sxz349q58hkn,,1300,null,null,Tue Feb 20 16:04:35 CST 2024,Tue Feb 20 16:04:35 CST 2024,null,1,4,ebb0cc32959e9345a4b2ddb23446eabd6f53c26bd203f5b6391e482128805a27,uninscribed,null,null,null,null,null,null
542,707b3f45-3e3d-4338-93c8-978ea5535220,failed,NFT004,NFT,nft04,public,tb1q8gfj63cgvh8dqltp0kmpzghnx7sxz349q58hkn,tb1p6v6duc4jllchezh5z5ftxza6s2kcs3x3tge6hny8a3kdyy4r9daquj474x,tb1q8gfj63cgvh8dqltp0kmpzghnx7sxz349q58hkn,,1300,null,null,Tue Feb 20 16:04:31 CST 2024,Tue Feb 20 16:05:03 CST 2024,null,1,4,247cbba740ab1a3a5146ff5aad335046868572d101bd9a1ab639fd8f86734361,uninscribed,null,null,null,null,null,null
541,2cb792b3-22e8-469d-99e1-27589db168ef,completed,NFT004,NFT,nft04,public,tb1qwtql4sxrsedv6g2tg5ek6pwx27rr37wjycaky8,tb1p6v6duc4jllchezh5z5ftxza6s2kcs3x3tge6hny8a3kdyy4r9daquj474x,tb1qwtql4sxrsedv6g2tg5ek6pwx27rr37wjycaky8,,1300,null,null,Tue Feb 20 15:53:09 CST 2024,Tue Feb 20 15:53:09 CST 2024,null,1,4,710249bb9ad1aa0536f328959a4828943e0acabf8f8be3358bd84efc609f5134,uninscribed,null,null,null,null,null,null
534,b21fe80f-3e6e-4ecc-8821-2371be3e77c9,unisatVerify,FT001,FT,ckll,public,tb1q8gfj63cgvh8dqltp0kmpzghnx7sxz349q58hkn,tb1p0ghj44qfkpuular7vez8fqdz3armsw3z2n522g48c4uxgnprscrsd0ekze,tb1q8gfj63cgvh8dqltp0kmpzghnx7sxz349q58hkn,,2000,null,null,Tue Feb 20 14:31:30 CST 2024,Tue Feb 20 14:31:30 CST 2024,null,2,26,7a5c59333bf553c504e4b843519bf1748a39f1f88253786341fd48b65dd4ba06,inscribed,null,null,null,null,null,null
498,66ccce5f-a494-4568-836c-8022e44e28b7,unisatVerify,Coinmarketcap,FT,CMCA,whitelist,tb1q9ypmt2uvlxs32m0q5n7xjnt0q6taafva94ljc7,tb1qdynfa04napkmmml4erfk6qmrtkf26j04lku4pj,tb1q9ypmt2uvlxs32m0q5n7xjnt0q6taafva94ljc7,,1210,null,null,Thu Feb 01 18:38:48 CST 2024,Thu Feb 01 18:38:48 CST 2024,null,200,34,9a827bf9f971266f733b510ab8c3071e6fc6cfb9b03c06d447e4e05011e371a3,inscribed,null,null,null,null,null,null
497,dc73a4fb-ea10-4153-9c44-b2e5239f14f3,failed,My Project,FT,MyToken,whitelist,test1test1test1test1test1test1test1test1test1,5F6g7H8i9J0k,4G5h6I7j8K9l,3E4f5G6h7I8j,1000000,null,null,Sun Feb 04 17:17:14 CST 2024,Sun Feb 04 17:17:14 CST 2024,null,1,34,txHashasdasdasd,uninscribed,null,null,null,null,null,null
493,66ccce5f-a494-4568-836c-8022e44e28a7,unisatVerify,Coinmarketcap,FT,CMCA,whitelist,tb1qr32nhzfe0hcjdrawqzkwrzkm7xu7k22k823nfw,tb1qdynfa04napkmmml4erfk6qmrtkf26j04lku4pj,tb1qr32nhzfe0hcjdrawqzkwrzkm7xu7k22k823nfw,,1210,null,null,Thu Feb 01 18:38:48 CST 2024,Thu Feb 01 18:38:48 CST 2024,null,16905000,34,38a0e99a632b759b2b07706bc46fc0c2f707ec7d6b71ec93f95fe83dfed09811,inscribed,null,null,null,null,null,null
492,bc857a62-7c25-4f9a-bd30-dc7548090125,completed,Deindex OG Pass,NFT,OG Pass NFT,public,tb1qwtql4sxrsedv6g2tg5ek6pwx27rr37wjycaky8,2NFFkQiFUfNNr2hR4kNannx9DmTuVRc2aiw,tb1qwtql4sxrsedv6g2tg5ek6pwx27rr37wjycaky8,,1200,null,null,Thu Feb 01 18:01:10 CST 2024,Thu Feb 01 18:01:10 CST 2024,null,1,6,a770f1bebf47191abc64d4bef66fec69aeac89eca01c35581b955ed4426c4401,uninscribed,null,null,null,null,null,null
489,6f43e680-d141-420a-bf51-679eb56c68e0,completed,Deindex OG Pass,NFT,OG Pass NFT,public,tb1qwtql4sxrsedv6g2tg5ek6pwx27rr37wjycaky8,2NFFkQiFUfNNr2hR4kNannx9DmTuVRc2aiw,tb1qwtql4sxrsedv6g2tg5ek6pwx27rr37wjycaky8,,1200,null,null,Thu Feb 01 17:48:23 CST 2024,Thu Feb 01 17:48:23 CST 2024,null,1,6,554c3af9dce6aa5dea344790a60c79126a86aead7b5db645c74a5b9c78069ea9,uninscribed,null,null,null,null,null,null
488,f02f1a2a-dc2d-4541-b573-e446aa961ef7,completed,Deindex OG Pass,NFT,OG Pass NFT,public,tb1qwtql4sxrsedv6g2tg5ek6pwx27rr37wjycaky8,2NFFkQiFUfNNr2hR4kNannx9DmTuVRc2aiw,tb1qwtql4sxrsedv6g2tg5ek6pwx27rr37wjycaky8,,1200,null,null,Thu Feb 01 17:47:22 CST 2024,Thu Feb 01 17:47:22 CST 2024,null,1,6,2b5e8600d7d41d1cf4798c79badefa910f897ab5df372d540b0149970c0cc0b2,uninscribed,null,null,null,null,null,null
480,572c0184-6d83-4ec3-9806-aaad56ae2946,unisatVerify,Coinmarketcap,FT,CMCA,whitelist,tb1qln42ttmgsk0ulgnfgrc6tvsuxcasc60u76yhsy,tb1qdynfa04napkmmml4erfk6qmrtkf26j04lku4pj,tb1qln42ttmgsk0ulgnfgrc6tvsuxcasc60u76yhsy,,1210,null,null,Thu Feb 01 17:33:45 CST 2024,Thu Feb 01 17:33:45 CST 2024,null,10,34,aa026e4b3de23150ef6fc6f77f1ec888c02e4e6b411e7847cd9071978ac0501b,inscribed,null,null,null,null,null,null
473,fd551b45-7269-4f2a-a7d8-e293ebe933cf,failed,Deindex OG Pass,NFT,OG Pass NFT,public,tb1qwtql4sxrsedv6g2tg5ek6pwx27rr37wjycaky8,2NFFkQiFUfNNr2hR4kNannx9DmTuVRc2aiw,tb1qwtql4sxrsedv6g2tg5ek6pwx27rr37wjycaky8,,1200,null,null,Thu Feb 01 15:17:32 CST 2024,Thu Feb 01 15:17:40 CST 2024,null,1,6,235216934d2fa195b4269dfdab78b404647e60e02d0bf6a9b607d37a0e8dcb0b,uninscribed,null,null,null,null,null,null
472,bb9e7f6d-94fc-46a5-9ab5-d90bb0e0f15d,completed,Deindex OG Pass,NFT,OG Pass NFT,public,tb1qwtql4sxrsedv6g2tg5ek6pwx27rr37wjycaky8,2NFFkQiFUfNNr2hR4kNannx9DmTuVRc2aiw,tb1qwtql4sxrsedv6g2tg5ek6pwx27rr37wjycaky8,,1200,null,null,Thu Feb 01 15:17:21 CST 2024,Thu Feb 01 15:17:21 CST 2024,null,1,6,07cabec47dce7a7f3205ec922400eaf31fadd8344ff476c355721584a59cf7cb,uninscribed,null,null,null,null,null,null
471,86378a19-3d27-4956-9b1c-2c7f9afa3a2d,failed,Deindex OG Pass,NFT,OG Pass NFT,public,tb1qwtql4sxrsedv6g2tg5ek6pwx27rr37wjycaky8,2NFFkQiFUfNNr2hR4kNannx9DmTuVRc2aiw,tb1qwtql4sxrsedv6g2tg5ek6pwx27rr37wjycaky8,,6000,null,null,Thu Feb 01 15:17:05 CST 2024,Thu Feb 01 15:17:05 CST 2024,null,5,6,039fbd5ed0a225488d3ba787fe24eb99aea6bdd3cedf1189a7e4808932b5294a,uninscribed,null,null,null,null,null,null
470,16611f27-7427-4bac-b455-7e51273430ac,failed,Deindex OG Pass,NFT,OG Pass NFT,public,tb1qwtql4sxrsedv6g2tg5ek6pwx27rr37wjycaky8,2NFFkQiFUfNNr2hR4kNannx9DmTuVRc2aiw,tb1qwtql4sxrsedv6g2tg5ek6pwx27rr37wjycaky8,,2400,null,null,Thu Feb 01 15:16:41 CST 2024,Thu Feb 01 15:16:41 CST 2024,null,2,6,ccdf2ff3a9e79865e033bd5b51e4670c170a19469ce5287505b3dae7db7088a1,uninscribed,null,null,null,null,null,null
469,5797647f-313d-4d6c-8346-ba09fc88ea55,completed,Deindex OG Pass,NFT,OG Pass NFT,public,tb1qwtql4sxrsedv6g2tg5ek6pwx27rr37wjycaky8,2NFFkQiFUfNNr2hR4kNannx9DmTuVRc2aiw,tb1qwtql4sxrsedv6g2tg5ek6pwx27rr37wjycaky8,,6000,null,null,Thu Feb 01 15:16:30 CST 2024,Thu Feb 01 15:16:30 CST 2024,null,5,6,8955c35567837499efdbdeb842b465f8ada37d1e08f8ff03cf42ca202fa818e2,uninscribed,null,null,null,null,null,null
468,d7f8592b-e776-4ce9-888a-ab80543c942b,failed,Deindex OG Pass,NFT,OG Pass NFT,public,tb1qwtql4sxrsedv6g2tg5ek6pwx27rr37wjycaky8,2NFFkQiFUfNNr2hR4kNannx9DmTuVRc2aiw,tb1qwtql4sxrsedv6g2tg5ek6pwx27rr37wjycaky8,,1200,null,null,Thu Feb 01 15:13:58 CST 2024,Thu Feb 01 15:13:58 CST 2024,null,1,6,9e46f38cdae158b152a72c04f74b58ec61e26947bfa92034dec6f7fe822abfac,uninscribed,null,null,null,null,null,null
467,c93fecae-908b-455a-a382-28cabcfe00ba,completed,Deindex OG Pass,NFT,OG Pass NFT,public,tb1qwtql4sxrsedv6g2tg5ek6pwx27rr37wjycaky8,2NFFkQiFUfNNr2hR4kNannx9DmTuVRc2aiw,tb1qwtql4sxrsedv6g2tg5ek6pwx27rr37wjycaky8,,1200,null,null,Thu Feb 01 15:13:48 CST 2024,Thu Feb 01 15:13:48 CST 2024,null,1,6,73226a1d25c922e8ed9c73eae035850c731e5d13f5c7ff6ece2ab4731f53e527,uninscribed,null,null,null,null,null,null
466,86433f25-c3b9-40fe-9b44-f48f67e16f21,failed,Deindex OG Pass,NFT,OG Pass NFT,public,tb1qwtql4sxrsedv6g2tg5ek6pwx27rr37wjycaky8,2NFFkQiFUfNNr2hR4kNannx9DmTuVRc2aiw,tb1qwtql4sxrsedv6g2tg5ek6pwx27rr37wjycaky8,,1200,null,null,Thu Feb 01 15:09:34 CST 2024,Thu Feb 01 15:09:34 CST 2024,null,1,6,6c4bb0c59dd04d8b4cc04337bf183f3d60a85aed1b29a998df8809ab266d7305,uninscribed,null,null,null,null,null,null
465,c6e5307f-bbea-41d9-a093-5952e2eb9e8e,completed,NFT005,NFT,nft05,public,tb1qr32nhzfe0hcjdrawqzkwrzkm7xu7k22k823nfw,tb1qd59dp6c6ledpguv8c3zk55h80cdueed6cuxlpt,tb1qr32nhzfe0hcjdrawqzkwrzkm7xu7k22k823nfw,,2400,null,null,Thu Feb 01 14:52:30 CST 2024,Thu Feb 01 14:52:30 CST 2024,null,2,5,7c3a70babb2d0c39f9021446a56ee8cedd000f4926bd8eb64db9bfdd7174e2b1,uninscribed,null,null,null,null,null,null
464,f6b70fc1-9295-4631-8ea3-2cf4ce396ea1,completed,NFT005,NFT,nft05,whitelist,tb1qr32nhzfe0hcjdrawqzkwrzkm7xu7k22k823nfw,tb1qd59dp6c6ledpguv8c3zk55h80cdueed6cuxlpt,tb1qr32nhzfe0hcjdrawqzkwrzkm7xu7k22k823nfw,,1200,null,null,Thu Feb 01 14:52:13 CST 2024,Thu Feb 01 14:52:13 CST 2024,null,1,5,cc1ed1fea4bc1dbd12fac27befc4effaa0c3c424e3e8825fe2e8d85ac364ff2d,uninscribed,null,null,null,null,null,null
463,c0c1af94-2216-4f20-b070-d22c567051c4,failed,Deindex OG Pass,NFT,OG Pass NFT,public,tb1qwtql4sxrsedv6g2tg5ek6pwx27rr37wjycaky8,2NFFkQiFUfNNr2hR4kNannx9DmTuVRc2aiw,tb1qwtql4sxrsedv6g2tg5ek6pwx27rr37wjycaky8,,1200,null,null,Thu Feb 01 14:47:59 CST 2024,Thu Feb 01 14:47:59 CST 2024,null,1,6,9cb25493e7e475e7ec1f0de45a158e7f47e91ad9873f373c707c2db33783f57b,uninscribed,null,null,null,null,null,null
462,2ea7c588-91b8-4f1b-8941-3ce4ac44ce81,failed,Deindex OG Pass,NFT,OG Pass NFT,public,tb1qwtql4sxrsedv6g2tg5ek6pwx27rr37wjycaky8,2NFFkQiFUfNNr2hR4kNannx9DmTuVRc2aiw,tb1qwtql4sxrsedv6g2tg5ek6pwx27rr37wjycaky8,,1200,null,null,Thu Feb 01 14:47:50 CST 2024,Thu Feb 01 14:47:50 CST 2024,null,1,6,bfc91dd511845c718552047abf9ebbe1e7f160bcc2ced4dadb591d1bb1f2b8c6,uninscribed,null,null,null,null,null,null
461,e3c21b23-cacc-491f-a232-dbbb82d7153e,failed,Deindex OG Pass,NFT,OG Pass NFT,public,tb1qwtql4sxrsedv6g2tg5ek6pwx27rr37wjycaky8,2NFFkQiFUfNNr2hR4kNannx9DmTuVRc2aiw,tb1qwtql4sxrsedv6g2tg5ek6pwx27rr37wjycaky8,,1200,null,null,Thu Feb 01 14:47:41 CST 2024,Thu Feb 01 14:47:41 CST 2024,null,1,6,091b610f657f29705d578651f7c1666b6e509a641095fda41980622936380118,uninscribed,null,null,null,null,null,null
460,f8fc914d-8390-43cf-b625-fb874fbfd921,failed,Deindex OG Pass,NFT,OG Pass NFT,public,tb1qwtql4sxrsedv6g2tg5ek6pwx27rr37wjycaky8,2NFFkQiFUfNNr2hR4kNannx9DmTuVRc2aiw,tb1qwtql4sxrsedv6g2tg5ek6pwx27rr37wjycaky8,,7200,null,null,Thu Feb 01 14:39:48 CST 2024,Thu Feb 01 14:39:48 CST 2024,null,6,6,9555b1dc72bc159656c928d6d0cb46bb6832e180affb38c3821adc990838ffb4,uninscribed,null,null,null,null,null,null
459,82c27e1d-e54a-474f-9969-c66be5b4ab6d,completed,Deindex OG Pass,NFT,OG Pass NFT,public,tb1qwtql4sxrsedv6g2tg5ek6pwx27rr37wjycaky8,2NFFkQiFUfNNr2hR4kNannx9DmTuVRc2aiw,tb1qwtql4sxrsedv6g2tg5ek6pwx27rr37wjycaky8,,7200,null,null,Thu Feb 01 14:39:36 CST 2024,Thu Feb 01 14:39:36 CST 2024,null,6,6,6ba47aad88e8047b6be286ee91f8c2af1ccacf096eda7bd155dd1e45a8905fae,uninscribed,null,null,null,null,null,null
456,c8b11ac1-2500-48d1-b331-3d5653f40e59,unisatVerify,Coinmarketcap,FT,CMCA,whitelist,tb1qx0x44w9ptwn32f9cuwm94td77g3f3ag0r97fw4,tb1qdynfa04napkmmml4erfk6qmrtkf26j04lku4pj,tb1qx0x44w9ptwn32f9cuwm94td77g3f3ag0r97fw4,,1210,null,null,Thu Feb 01 14:20:01 CST 2024,Thu Feb 01 14:20:01 CST 2024,null,24780000,34,f6e4d8605693924d01c6768628ad5f32a796be5a1b772311c17d250e34fa7d63,inscribed,null,null,null,null,null,null
455,4ad023f2-1339-453d-a92d-df398270822f,failed,Coinmarketcap,FT,CMCA,whitelist,tb1qufuuyzw63vhjrkdh2du4qqvak6apkep2hupxws,tb1qdynfa04napkmmml4erfk6qmrtkf26j04lku4pj,tb1qufuuyzw63vhjrkdh2du4qqvak6apkep2hupxws,,1210,null,null,Thu Feb 01 14:19:33 CST 2024,Thu Feb 01 14:19:33 CST 2024,null,11,34,73da5a4ac449c197aeff3ab2ff1ce4f0dbcaf66fa3122db6808a5d4af9ceec57,uninscribed,null,null,null,null,null,null
454,5c9ca685-9a8d-4be4-9da6-c8d9f4a711bb,unisatVerify,Coinmarketcap,FT,CMCA,whitelist,tb1qufuuyzw63vhjrkdh2du4qqvak6apkep2hupxws,tb1qdynfa04napkmmml4erfk6qmrtkf26j04lku4pj,tb1qufuuyzw63vhjrkdh2du4qqvak6apkep2hupxws,,1210,null,null,Thu Feb 01 14:19:17 CST 2024,Thu Feb 01 14:19:17 CST 2024,null,11,34,75b9ca1a6485bc213a2996fb2b10fbf0564aa6a090d5293706b1baede4511463,inscribed,null,null,null,null,null,null
450,9a3b002c-d157-470c-9feb-7906dede40e7,completed,NFT005,NFT,nft5,public,tb1pgezvp0dgkny5l37w8xqzkdt2u36fe7xmjq7h6tav4k5gsvzgd65qn27yad,tb1qd59dp6c6ledpguv8c3zk55h80cdueed6cuxlpt,tb1qufuuyzw63vhjrkdh2du4qqvak6apkep2hupxws,,1200,0.0,0.0,Thu Feb 01 13:32:15 CST 2024,Thu Feb 01 13:32:15 CST 2024,null,1,5,90221efc921fbe4d1462e978b3ce97cdb23a8ade239ebd2089c1c30e3c7e7766,uninscribed,null,null,null,null,null,null
449,cfe75f17-35e6-4fd8-83ab-b8879610f9ca,completed,NFT005,NFT,nft5,public,tb1pgezvp0dgkny5l37w8xqzkdt2u36fe7xmjq7h6tav4k5gsvzgd65qn27yad,tb1qd59dp6c6ledpguv8c3zk55h80cdueed6cuxlpt,tb1qufuuyzw63vhjrkdh2du4qqvak6apkep2hupxws,,1200,0.0,0.0,Thu Feb 01 13:32:15 CST 2024,Thu Feb 01 13:32:15 CST 2024,null,1,5,fcd5f7a07582716afa6aad9e8037973684966998d501ccb48b9f0d8ba39a1588,uninscribed,null,null,null,null,null,null
448,8a488a8f-8d67-4377-a13b-196a43ffedb8,completed,NFT005,NFT,nft5,public,tb1pgezvp0dgkny5l37w8xqzkdt2u36fe7xmjq7h6tav4k5gsvzgd65qn27yad,tb1qd59dp6c6ledpguv8c3zk55h80cdueed6cuxlpt,tb1qufuuyzw63vhjrkdh2du4qqvak6apkep2hupxws,,1200,0.0,0.0,Thu Feb 01 13:32:15 CST 2024,Thu Feb 01 13:32:15 CST 2024,null,1,5,97fd33c791524cf6ffc41f8708fcdfd6e80d2de59c8d793c29631e3d3f4d9f40,uninscribed,null,null,null,null,null,null
447,0d32c784-6159-4c68-8991-eea2f11010a3,completed,NFT005,NFT,nft5,public,tb1pgezvp0dgkny5l37w8xqzkdt2u36fe7xmjq7h6tav4k5gsvzgd65qn27yad,tb1qd59dp6c6ledpguv8c3zk55h80cdueed6cuxlpt,tb1qufuuyzw63vhjrkdh2du4qqvak6apkep2hupxws,,1200,0.0,0.0,Thu Feb 01 13:32:15 CST 2024,Thu Feb 01 13:32:15 CST 2024,null,1,5,aedc4d386197302f2af302293d504eb348b5f8897d8b3d6bd21a389210e45bc2,uninscribed,null,null,null,null,null,null
446,ccea5433-6825-49d6-9d56-806a585f871f,completed,NFT005,NFT,nft5,public,tb1pgezvp0dgkny5l37w8xqzkdt2u36fe7xmjq7h6tav4k5gsvzgd65qn27yad,tb1qd59dp6c6ledpguv8c3zk55h80cdueed6cuxlpt,tb1qufuuyzw63vhjrkdh2du4qqvak6apkep2hupxws,,1200,0.0,0.0,Thu Feb 01 13:32:15 CST 2024,Thu Feb 01 13:32:15 CST 2024,null,1,5,e94f4f5d36fec660ea782fa26aaba1c2725a9119097c57443feb663f8d75ce61,uninscribed,null,null,null,null,null,null
443,9f0266ec-4863-4408-a24a-9051b2ec3fbb,completed,NFT005,NFT,nft5,public,tb1pqv6d7rjxdy5404c76cytz50u04hx8agx4z8s8cwxtfpy3vyqkp4qukh4ww,tb1qd59dp6c6ledpguv8c3zk55h80cdueed6cuxlpt,tb1qufuuyzw63vhjrkdh2du4qqvak6apkep2hupxws,,1200,0.0,0.0,Wed Jan 31 23:31:28 CST 2024,Wed Jan 31 23:31:28 CST 2024,null,1,5,bde60e7a9f7d2d98de41555e8692a5ffc8dd375da9452fe274808bcc2ae37cda,uninscribed,null,null,null,null,null,null
442,b3bfbd4e-620e-4c9e-a64b-34613ffa5a13,completed,NFT005,NFT,nft5,public,tb1pqv6d7rjxdy5404c76cytz50u04hx8agx4z8s8cwxtfpy3vyqkp4qukh4ww,tb1qd59dp6c6ledpguv8c3zk55h80cdueed6cuxlpt,tb1qufuuyzw63vhjrkdh2du4qqvak6apkep2hupxws,,1200,0.0,0.0,Wed Jan 31 23:31:28 CST 2024,Wed Jan 31 23:31:28 CST 2024,null,1,5,6fd7800c66ccbae07950e4c5501ec81f2fd81ae0e8d26b4e4fb888ce805d539d,uninscribed,null,null,null,null,null,null
441,74d4625e-4f78-40a4-b498-f24a4c66021f,completed,NFT005,NFT,nft5,public,tb1pqv6d7rjxdy5404c76cytz50u04hx8agx4z8s8cwxtfpy3vyqkp4qukh4ww,tb1qd59dp6c6ledpguv8c3zk55h80cdueed6cuxlpt,tb1qufuuyzw63vhjrkdh2du4qqvak6apkep2hupxws,,1200,0.0,0.0,Wed Jan 31 23:31:28 CST 2024,Wed Jan 31 23:31:28 CST 2024,null,1,5,8af9dbb79685fce03f127f3377f2ea2b8d462cf1c174eca7406f401c96ed94fb,uninscribed,null,null,null,null,null,null
440,59fc9016-9103-4706-b489-9b7ea1846f98,completed,NFT005,NFT,nft5,public,tb1pqv6d7rjxdy5404c76cytz50u04hx8agx4z8s8cwxtfpy3vyqkp4qukh4ww,tb1qd59dp6c6ledpguv8c3zk55h80cdueed6cuxlpt,tb1qufuuyzw63vhjrkdh2du4qqvak6apkep2hupxws,,1200,0.0,0.0,Wed Jan 31 23:31:28 CST 2024,Wed Jan 31 23:31:28 CST 2024,null,1,5,86a1292951f1c0838f1e80c74e486884ee5aea79aae9ad3b60a06924d2e7d64e,uninscribed,null,null,null,null,null,null
439,3edb5a05-9ca9-486a-a3b7-385db3fcf4b5,completed,NFT005,NFT,nft5,public,tb1pqv6d7rjxdy5404c76cytz50u04hx8agx4z8s8cwxtfpy3vyqkp4qukh4ww,tb1qd59dp6c6ledpguv8c3zk55h80cdueed6cuxlpt,tb1qufuuyzw63vhjrkdh2du4qqvak6apkep2hupxws,,1200,0.0,0.0,Wed Jan 31 23:31:28 CST 2024,Wed Jan 31 23:31:28 CST 2024,null,1,5,2d7f6bb0323a3461478b3100a986bc27921f45c24ac0e39f1984ea9cdc5bf287,uninscribed,null,null,null,null,null,null
438,12d9f8a8-d747-41c4-bbdc-0c8fb0125d68,completed,NFT005,NFT,nft5,public,tb1pya0lxftrxhwpzu8hjhnxqzutfptwdkazhrucsjh0gj8tscrtxhes3axvks,tb1qd59dp6c6ledpguv8c3zk55h80cdueed6cuxlpt,tb1qufuuyzw63vhjrkdh2du4qqvak6apkep2hupxws,,1200,0.0,0.0,Wed Jan 31 21:52:56 CST 2024,Wed Jan 31 21:52:56 CST 2024,null,1,5,aa9553a5fefbac82dcb38d6cda4b0bb1e4a392fa4dac3a828d31607baba577f7,uninscribed,null,null,null,null,null,null
437,98c64c34-05b2-48ee-9534-eadb0d714958,completed,NFT005,NFT,nft5,public,tb1pya0lxftrxhwpzu8hjhnxqzutfptwdkazhrucsjh0gj8tscrtxhes3axvks,tb1qd59dp6c6ledpguv8c3zk55h80cdueed6cuxlpt,tb1qufuuyzw63vhjrkdh2du4qqvak6apkep2hupxws,,1200,0.0,0.0,Wed Jan 31 21:52:56 CST 2024,Wed Jan 31 21:52:56 CST 2024,null,1,5,5c82ff62475152f091e21fdd575d792b0e3fd19f242163ab1b658784d6f59fa2,uninscribed,null,null,null,null,null,null
436,2ed721ff-f0d6-4a56-8216-919b9482ffc1,completed,NFT005,NFT,nft5,public,tb1pya0lxftrxhwpzu8hjhnxqzutfptwdkazhrucsjh0gj8tscrtxhes3axvks,tb1qd59dp6c6ledpguv8c3zk55h80cdueed6cuxlpt,tb1qufuuyzw63vhjrkdh2du4qqvak6apkep2hupxws,,1200,0.0,0.0,Wed Jan 31 21:52:56 CST 2024,Wed Jan 31 21:52:56 CST 2024,null,1,5,983155bd19b9dd4910a80fd3f395e8f13d4bd0943df68d26fb3584fb23acc0e7,uninscribed,null,null,null,null,null,null
435,1346cba1-dad8-4763-b08a-2288d759adf2,completed,NFT005,NFT,nft5,public,tb1pya0lxftrxhwpzu8hjhnxqzutfptwdkazhrucsjh0gj8tscrtxhes3axvks,tb1qd59dp6c6ledpguv8c3zk55h80cdueed6cuxlpt,tb1qufuuyzw63vhjrkdh2du4qqvak6apkep2hupxws,,1200,0.0,0.0,Wed Jan 31 21:52:56 CST 2024,Wed Jan 31 21:52:56 CST 2024,null,1,5,b2f72d60128092dade2efcd8dbbebd9f7d159e2ea3e6b05bfa037a0805f899bc,uninscribed,null,null,null,null,null,null
434,df063b28-202c-418c-8da5-98468455652a,completed,NFT005,NFT,nft5,public,tb1pya0lxftrxhwpzu8hjhnxqzutfptwdkazhrucsjh0gj8tscrtxhes3axvks,tb1qd59dp6c6ledpguv8c3zk55h80cdueed6cuxlpt,tb1qufuuyzw63vhjrkdh2du4qqvak6apkep2hupxws,,1200,0.0,0.0,Wed Jan 31 21:52:56 CST 2024,Wed Jan 31 21:52:56 CST 2024,null,1,5,3c6b5744f8425d8ec6be7f1df2da8c1373accfebb3265990906647176f959867,uninscribed,null,null,null,null,null,null
433,765e733c-4191-4581-862e-49565ca4bf4f,completed,NFT005,NFT,nft5,public,tb1pya0lxftrxhwpzu8hjhnxqzutfptwdkazhrucsjh0gj8tscrtxhes3axvks,tb1qd59dp6c6ledpguv8c3zk55h80cdueed6cuxlpt,tb1qufuuyzw63vhjrkdh2du4qqvak6apkep2hupxws,,1200,0.0,0.0,Wed Jan 31 21:52:56 CST 2024,Wed Jan 31 21:52:56 CST 2024,null,1,5,41c4176439e5dc3bdc151bafbd5025f9b16152b952ccf266daa744009a8e14b8,uninscribed,null,null,null,null,null,null
432,993b02f3-4467-492e-a43d-6b58152113b0,completed,NFT005,NFT,nft5,public,tb1pya0lxftrxhwpzu8hjhnxqzutfptwdkazhrucsjh0gj8tscrtxhes3axvks,tb1qd59dp6c6ledpguv8c3zk55h80cdueed6cuxlpt,tb1qufuuyzw63vhjrkdh2du4qqvak6apkep2hupxws,,1200,0.0,0.0,Wed Jan 31 21:52:56 CST 2024,Wed Jan 31 21:52:56 CST 2024,null,1,5,42e3611bbe8a69f60e713b7beec3a740a306b7a6324f1dc1b657fdbf22dd5521,uninscribed,null,null,null,null,null,null
431,8a07af8c-e23e-42d6-b5b7-2af463151268,completed,NFT005,NFT,nft5,public,tb1pya0lxftrxhwpzu8hjhnxqzutfptwdkazhrucsjh0gj8tscrtxhes3axvks,tb1qd59dp6c6ledpguv8c3zk55h80cdueed6cuxlpt,tb1qufuuyzw63vhjrkdh2du4qqvak6apkep2hupxws,,1200,0.0,0.0,Wed Jan 31 21:52:56 CST 2024,Wed Jan 31 21:52:56 CST 2024,null,1,5,1f132fa9d9f4e9578b901d2a31d568b050109365477cf1dfa7bb2974859a1e42,uninscribed,null,null,null,null,null,null
430,27720300-2b3f-4b9a-89e0-d04b5435ac52,completed,NFT005,NFT,nft5,public,tb1pya0lxftrxhwpzu8hjhnxqzutfptwdkazhrucsjh0gj8tscrtxhes3axvks,tb1qd59dp6c6ledpguv8c3zk55h80cdueed6cuxlpt,tb1qufuuyzw63vhjrkdh2du4qqvak6apkep2hupxws,,1200,0.0,0.0,Wed Jan 31 21:52:55 CST 2024,Wed Jan 31 21:52:55 CST 2024,null,1,5,e645a9643cc010eca60b9610dbea4383a2505d99ca196a1d6b8e5d05101d5239,uninscribed,null,null,null,null,null,null
429,49ed3862-3bbf-4c91-95c6-1109e8af3503,completed,NFT005,NFT,nft5,public,tb1pya0lxftrxhwpzu8hjhnxqzutfptwdkazhrucsjh0gj8tscrtxhes3axvks,tb1qd59dp6c6ledpguv8c3zk55h80cdueed6cuxlpt,tb1qufuuyzw63vhjrkdh2du4qqvak6apkep2hupxws,,1200,0.0,0.0,Wed Jan 31 21:52:55 CST 2024,Wed Jan 31 21:52:55 CST 2024,null,1,5,bea3e8105ce6625f6ba0b48717c0abe35a3686e16bd45ba23208621a86b446c6,uninscribed,null,null,null,null,null,null
428,0773807d-d2c7-4022-ade2-ea4fe9d26dac,completed,NFT005,NFT,nft5,public,tb1p3p3knm6yhcnsl58f8ky8sy8dg8acpn8fytcafmahtavwrc0sweasqgxhpa,tb1qd59dp6c6ledpguv8c3zk55h80cdueed6cuxlpt,tb1qufuuyzw63vhjrkdh2du4qqvak6apkep2hupxws,,1200,0.0,0.0,Wed Jan 31 21:02:02 CST 2024,Wed Jan 31 21:02:02 CST 2024,null,1,5,1d4e78f48747aeaec21ce0dc292fa18fa6364ec2ee9265e8e73c0d984d55a608,uninscribed,null,null,null,null,null,null
427,f2871a65-0853-4ad6-96b6-97ad4c7fab87,completed,NFT005,NFT,nft5,public,tb1p3p3knm6yhcnsl58f8ky8sy8dg8acpn8fytcafmahtavwrc0sweasqgxhpa,tb1qd59dp6c6ledpguv8c3zk55h80cdueed6cuxlpt,tb1qufuuyzw63vhjrkdh2du4qqvak6apkep2hupxws,,1200,0.0,0.0,Wed Jan 31 21:02:02 CST 2024,Wed Jan 31 21:02:02 CST 2024,null,1,5,85e7b78367014370cf840082c15504e642d08767a0a3010af63da4684c5aebff,uninscribed,null,null,null,null,null,null
426,215c758a-ef74-46e0-b9d7-9a9f7d286c46,completed,NFT005,NFT,nft5,public,tb1p3p3knm6yhcnsl58f8ky8sy8dg8acpn8fytcafmahtavwrc0sweasqgxhpa,tb1qd59dp6c6ledpguv8c3zk55h80cdueed6cuxlpt,tb1qufuuyzw63vhjrkdh2du4qqvak6apkep2hupxws,,1200,0.0,0.0,Wed Jan 31 21:02:02 CST 2024,Wed Jan 31 21:02:02 CST 2024,null,1,5,a95f9c00373ca88d96fb218c4d727c6f82d181f07a2613d04a6a12a70b793f10,uninscribed,null,null,null,null,null,null
425,e913fc18-c9fd-467d-8ab9-f017bf100af6,completed,NFT005,NFT,nft5,public,tb1p3p3knm6yhcnsl58f8ky8sy8dg8acpn8fytcafmahtavwrc0sweasqgxhpa,tb1qd59dp6c6ledpguv8c3zk55h80cdueed6cuxlpt,tb1qufuuyzw63vhjrkdh2du4qqvak6apkep2hupxws,,1200,0.0,0.0,Wed Jan 31 21:02:02 CST 2024,Wed Jan 31 21:02:02 CST 2024,null,1,5,0541cbcb5cc1b2da17b3a2463196c66ad124e8bce5b3f98432d16815f879a6b9,uninscribed,null,null,null,null,null,null
424,046469c9-3451-421e-be20-95e988de2465,completed,NFT005,NFT,nft5,public,tb1p3p3knm6yhcnsl58f8ky8sy8dg8acpn8fytcafmahtavwrc0sweasqgxhpa,tb1qd59dp6c6ledpguv8c3zk55h80cdueed6cuxlpt,tb1qufuuyzw63vhjrkdh2du4qqvak6apkep2hupxws,,1200,0.0,0.0,Wed Jan 31 21:02:02 CST 2024,Wed Jan 31 21:02:02 CST 2024,null,1,5,9fa94985d55e77488de92d2b59f48718b0575d3d58006a5646a2fe13498bd549,uninscribed,null,null,null,null,null,null
423,42c830bd-0701-4a1a-84df-7abba9dd36d7,completed,NFT005,NFT,nft5,public,tb1p3p3knm6yhcnsl58f8ky8sy8dg8acpn8fytcafmahtavwrc0sweasqgxhpa,tb1qd59dp6c6ledpguv8c3zk55h80cdueed6cuxlpt,tb1qufuuyzw63vhjrkdh2du4qqvak6apkep2hupxws,,1200,0.0,0.0,Wed Jan 31 21:02:02 CST 2024,Wed Jan 31 21:02:02 CST 2024,null,1,5,bddfc5b072a9686528333ac9b4b910533b13f7f6d1b9cb17fa6d271ce0f1adb3,uninscribed,null,null,null,null,null,null
422,29cfa86e-7ad8-42e6-acbf-706c5d6f24df,completed,NFT005,NFT,nft5,public,tb1p3p3knm6yhcnsl58f8ky8sy8dg8acpn8fytcafmahtavwrc0sweasqgxhpa,tb1qd59dp6c6ledpguv8c3zk55h80cdueed6cuxlpt,tb1qufuuyzw63vhjrkdh2du4qqvak6apkep2hupxws,,1200,0.0,0.0,Wed Jan 31 21:02:02 CST 2024,Wed Jan 31 21:02:02 CST 2024,null,1,5,27eb9cd335c0d4cc5b30bf1ca4eaca9c15b9ac06c938f35c45cb9cec2c13f858,uninscribed,null,null,null,null,null,null
421,b08f88cd-7019-4913-9fe0-92d26ab1114c,completed,NFT005,NFT,nft5,public,tb1p3p3knm6yhcnsl58f8ky8sy8dg8acpn8fytcafmahtavwrc0sweasqgxhpa,tb1qd59dp6c6ledpguv8c3zk55h80cdueed6cuxlpt,tb1qufuuyzw63vhjrkdh2du4qqvak6apkep2hupxws,,1200,0.0,0.0,Wed Jan 31 21:02:02 CST 2024,Wed Jan 31 21:02:02 CST 2024,null,1,5,344a5cd74af70add1de2354d5c1eb64d588ef36aa6ba8131c094bf663278065a,uninscribed,null,null,null,null,null,null
420,a35ef287-d4b0-4947-be7c-9ee0061e07cd,completed,NFT005,NFT,nft5,public,tb1p3p3knm6yhcnsl58f8ky8sy8dg8acpn8fytcafmahtavwrc0sweasqgxhpa,tb1qd59dp6c6ledpguv8c3zk55h80cdueed6cuxlpt,tb1qufuuyzw63vhjrkdh2du4qqvak6apkep2hupxws,,1200,0.0,0.0,Wed Jan 31 21:02:02 CST 2024,Wed Jan 31 21:02:02 CST 2024,null,1,5,c249c0ffaaf42127566747a3d5dd05c023275ed86c685324673e1de9025e33f5,uninscribed,null,null,null,null,null,null
419,c2e2e7a2-ae9d-41ab-8f27-c761b6b49ba4,completed,NFT005,NFT,nft5,public,tb1p3p3knm6yhcnsl58f8ky8sy8dg8acpn8fytcafmahtavwrc0sweasqgxhpa,tb1qd59dp6c6ledpguv8c3zk55h80cdueed6cuxlpt,tb1qufuuyzw63vhjrkdh2du4qqvak6apkep2hupxws,,1200,0.0,0.0,Wed Jan 31 21:02:02 CST 2024,Wed Jan 31 21:02:02 CST 2024,null,1,5,2c6ddc31bc9782818251aa5ed995e96b7281f8a02758e59fdf02903c7a332644,uninscribed,null,null,null,null,null,null
418,6b6be655-0cf4-4729-9496-fa8f322efbb9,completed,NFT005,NFT,nft5,public,tb1p9mldu3cdkcu0d2k608thu2us27rj56fxk5mfgmtnpa02rrkcdt5q86mhyv,tb1qd59dp6c6ledpguv8c3zk55h80cdueed6cuxlpt,tb1qufuuyzw63vhjrkdh2du4qqvak6apkep2hupxws,,6000,0.0,0.0,Wed Jan 31 19:06:47 CST 2024,Wed Jan 31 19:06:47 CST 2024,null,5,5,d3f980af64761bc55dbfd40ca2e9fccdf256c9ab73a582be5b30c825166821af,uninscribed,null,null,null,null,null,null
417,c8663640-728f-4c84-a249-501d08dfb553,completed,NFT005,NFT,nft5,public,tb1pm972789tm2xpfm08hwa239ncg60tq548kcuq2elmasjwru58n66s8hnx56,tb1qd59dp6c6ledpguv8c3zk55h80cdueed6cuxlpt,tb1qufuuyzw63vhjrkdh2du4qqvak6apkep2hupxws,,4800,0.0,0.0,Wed Jan 31 19:06:06 CST 2024,Wed Jan 31 19:06:06 CST 2024,null,4,5,7dc7d28b09572364195bca0894788c767ffe06bf9d09e0f398719a4f50731eec,uninscribed,null,null,null,null,null,null
416,9cffbbba-ccfa-402c-a3e7-9ae17600faaa,completed,NFT005,NFT,nft5,public,tb1pzwqvtua7j4zf6660t42wk3rap3w75n4qseqyzmz4nlglw2ctryes6yr5em,tb1qd59dp6c6ledpguv8c3zk55h80cdueed6cuxlpt,tb1qufuuyzw63vhjrkdh2du4qqvak6apkep2hupxws,,2400,0.0,0.0,Wed Jan 31 19:05:23 CST 2024,Wed Jan 31 19:05:23 CST 2024,null,2,5,2e9c44c5ada28666cc71f74feed1a0e2388fd19f23234c8ed43be9c0894b85fe,uninscribed,null,null,null,null,null,null
415,7a845cbd-3785-4cc9-acff-8e315a111e8a,completed,NFT005,NFT,nft5,public,tb1pzwqvtua7j4zf6660t42wk3rap3w75n4qseqyzmz4nlglw2ctryes6yr5em,tb1qd59dp6c6ledpguv8c3zk55h80cdueed6cuxlpt,tb1qufuuyzw63vhjrkdh2du4qqvak6apkep2hupxws,,2400,0.0,0.0,Wed Jan 31 19:05:23 CST 2024,Wed Jan 31 19:05:23 CST 2024,null,2,5,5b113649c70510767d872a98cc66e183456ceef44e7d3107ef6220add3a6ee4d,uninscribed,null,null,null,null,null,null
414,e22b1c93-33c2-483b-8777-2c8347ab8d8d,completed,NFT005,NFT,nft5,public,tb1p47dvl9ygap742l7apmk5qezdjzjmdmc6zspy3ukt74mgu9ayzdxqud5f35,tb1qd59dp6c6ledpguv8c3zk55h80cdueed6cuxlpt,tb1qufuuyzw63vhjrkdh2du4qqvak6apkep2hupxws,,3600,0.0,0.0,Wed Jan 31 19:04:37 CST 2024,Wed Jan 31 19:04:37 CST 2024,null,3,5,cef0bf80983d5c12ed52e08588fd81c301ca792e93425bd35db11b9ec1272930,uninscribed,null,null,null,null,null,null
413,1239fc56-a3cd-455e-a56a-5803da7787e7,completed,NFT005,NFT,nft5,public,tb1p47dvl9ygap742l7apmk5qezdjzjmdmc6zspy3ukt74mgu9ayzdxqud5f35,tb1qd59dp6c6ledpguv8c3zk55h80cdueed6cuxlpt,tb1qufuuyzw63vhjrkdh2du4qqvak6apkep2hupxws,,3600,0.0,0.0,Wed Jan 31 19:04:37 CST 2024,Wed Jan 31 19:04:37 CST 2024,null,3,5,9ca9c9649f6630dcb844ffbc7f53c852bb0905279cc0d1c81b12a819e77b464f,uninscribed,null,null,null,null,null,null
412,9eb1c090-f222-403d-a810-43b62eb856b6,completed,NFT005,NFT,nft5,public,tb1puvn6ljj0glwgyd4qsnemm04atlfvz9emhckajk9ldr6k5t88n58s8p8rjd,tb1qd59dp6c6ledpguv8c3zk55h80cdueed6cuxlpt,tb1qufuuyzw63vhjrkdh2du4qqvak6apkep2hupxws,,1200,0.0,0.0,Wed Jan 31 19:04:19 CST 2024,Wed Jan 31 19:04:19 CST 2024,null,1,5,b125d8b069c43ec262e9389442ecb71f08cebf7c234c29e6e4924dfd538a851b,uninscribed,null,null,null,null,null,null
411,353ef928-f828-492b-96a8-706a2e1e6213,completed,NFT005,NFT,nft5,public,tb1puvn6ljj0glwgyd4qsnemm04atlfvz9emhckajk9ldr6k5t88n58s8p8rjd,tb1qd59dp6c6ledpguv8c3zk55h80cdueed6cuxlpt,tb1qufuuyzw63vhjrkdh2du4qqvak6apkep2hupxws,,1200,0.0,0.0,Wed Jan 31 19:04:19 CST 2024,Wed Jan 31 19:04:19 CST 2024,null,1,5,194998d8dcff0a50db7db0dd1b857fdc1ca20b9e28e225a6c71f050f5069bb8b,uninscribed,null,null,null,null,null,null
410,35eb337c-bd92-44eb-bf6c-01a27c95d947,completed,NFT005,NFT,nft5,public,tb1puvn6ljj0glwgyd4qsnemm04atlfvz9emhckajk9ldr6k5t88n58s8p8rjd,tb1qd59dp6c6ledpguv8c3zk55h80cdueed6cuxlpt,tb1qufuuyzw63vhjrkdh2du4qqvak6apkep2hupxws,,1200,0.0,0.0,Wed Jan 31 19:04:19 CST 2024,Wed Jan 31 19:04:19 CST 2024,null,1,5,fdaefdc2b0fb245883bdf8e9c050a8475370d70f1467b9219c09254414f61d3c,uninscribed,null,null,null,null,null,null
409,0cb80bf3-30b5-4f07-a758-73e062018f08,completed,NFT005,NFT,nft5,public,tb1puvn6ljj0glwgyd4qsnemm04atlfvz9emhckajk9ldr6k5t88n58s8p8rjd,tb1qd59dp6c6ledpguv8c3zk55h80cdueed6cuxlpt,tb1qufuuyzw63vhjrkdh2du4qqvak6apkep2hupxws,,1200,0.0,0.0,Wed Jan 31 19:04:19 CST 2024,Wed Jan 31 19:04:19 CST 2024,null,1,5,a3e5d296832f78735974db3d3de48fc6c0a357eea334c2cafb59467a1464c678,uninscribed,null,null,null,null,null,null
408,6995ec56-543f-4b47-8124-d9dd8f0c89c7,completed,NFT005,NFT,nft5,public,tb1puvn6ljj0glwgyd4qsnemm04atlfvz9emhckajk9ldr6k5t88n58s8p8rjd,tb1qd59dp6c6ledpguv8c3zk55h80cdueed6cuxlpt,tb1qufuuyzw63vhjrkdh2du4qqvak6apkep2hupxws,,1200,0.0,0.0,Wed Jan 31 19:04:19 CST 2024,Wed Jan 31 19:04:19 CST 2024,null,1,5,354c9c6fdb483234869cb4575eeefa28a66a5000332b67f34a4886872bc82711,uninscribed,null,null,null,null,null,null
407,3b72e186-f834-4a6f-b175-b3c357d984ad,completed,NFT005,NFT,nft5,public,tb1puvn6ljj0glwgyd4qsnemm04atlfvz9emhckajk9ldr6k5t88n58s8p8rjd,tb1qd59dp6c6ledpguv8c3zk55h80cdueed6cuxlpt,tb1qufuuyzw63vhjrkdh2du4qqvak6apkep2hupxws,,1200,0.0,0.0,Wed Jan 31 19:04:19 CST 2024,Wed Jan 31 19:04:19 CST 2024,null,1,5,cfe5444fb3968dbe09130e3f8ca8dcf0697132a40e4026be0353c27aa915c9a3,uninscribed,null,null,null,null,null,null
406,e4923d4c-a128-4936-8075-45c5222d72d7,completed,NFT005,NFT,nft5,public,tb1puvn6ljj0glwgyd4qsnemm04atlfvz9emhckajk9ldr6k5t88n58s8p8rjd,tb1qd59dp6c6ledpguv8c3zk55h80cdueed6cuxlpt,tb1qufuuyzw63vhjrkdh2du4qqvak6apkep2hupxws,,1200,0.0,0.0,Wed Jan 31 19:04:19 CST 2024,Wed Jan 31 19:04:19 CST 2024,null,1,5,3cd75bed1320902b16f64b6d1d3f7f8b952db961beee398bf0725066c1b98b8c,uninscribed,null,null,null,null,null,null
405,69fe2e4c-44e5-48d0-be07-79cabdbdee35,completed,NFT005,NFT,nft5,public,tb1puvn6ljj0glwgyd4qsnemm04atlfvz9emhckajk9ldr6k5t88n58s8p8rjd,tb1qd59dp6c6ledpguv8c3zk55h80cdueed6cuxlpt,tb1qufuuyzw63vhjrkdh2du4qqvak6apkep2hupxws,,1200,0.0,0.0,Wed Jan 31 19:04:19 CST 2024,Wed Jan 31 19:04:19 CST 2024,null,1,5,381f306a6242ad96552867dc6615228dbf18e29305a54d751793eaac741ce44a,uninscribed,null,null,null,null,null,null
404,237529cf-6317-454c-9d96-64def02d85ac,completed,NFT005,NFT,nft5,public,tb1puvn6ljj0glwgyd4qsnemm04atlfvz9emhckajk9ldr6k5t88n58s8p8rjd,tb1qd59dp6c6ledpguv8c3zk55h80cdueed6cuxlpt,tb1qufuuyzw63vhjrkdh2du4qqvak6apkep2hupxws,,1200,0.0,0.0,Wed Jan 31 19:04:19 CST 2024,Wed Jan 31 19:04:19 CST 2024,null,1,5,d0be1964a654b3ea41aa0cc291ec21f94482d6b2c41399872da3ceb7fac76dbf,uninscribed,null,null,null,null,null,null
403,2130572e-3e83-48dc-aac9-a6e3d674c4ac,completed,NFT005,NFT,nft5,public,tb1puvn6ljj0glwgyd4qsnemm04atlfvz9emhckajk9ldr6k5t88n58s8p8rjd,tb1qd59dp6c6ledpguv8c3zk55h80cdueed6cuxlpt,tb1qufuuyzw63vhjrkdh2du4qqvak6apkep2hupxws,,1200,0.0,0.0,Wed Jan 31 19:04:19 CST 2024,Wed Jan 31 19:04:19 CST 2024,null,1,5,e370e82ebe1d7d54b847b885cb3295dfaf38e457983011375b0829cd9f92a9fb,uninscribed,null,null,null,null,null,null
345,662765c7-0ac5-4d22-8996-dc3d211468e8,unisatVerify,Coinmarketcap,FT,CMCA,whitelist,2Mv2G4EqEUcrWwDSYgV9u9rNhRLLJhfMCbM,tb1qdynfa04napkmmml4erfk6qmrtkf26j04lku4pj,2Mv2G4EqEUcrWwDSYgV9u9rNhRLLJhfMCbM,,1210,null,null,Wed Jan 31 13:10:46 CST 2024,Wed Jan 31 13:10:46 CST 2024,null,13000,34,dbaf4f9f99f1c82f8e5e3dce905b50faa837bf89ce636eb3a019875d277b80b0,inscribed,null,null,null,null,null,null
344,16c09e07-00e2-4d43-b893-ca33fc76aa6a,unisatVerify,Coinmarketcap,FT,CMCA,whitelist,tb1q55p9vgsyqxkdlqqzfn5nejedhcltyxdgl936kv,tb1qdynfa04napkmmml4erfk6qmrtkf26j04lku4pj,tb1q55p9vgsyqxkdlqqzfn5nejedhcltyxdgl936kv,,1210,null,null,Wed Jan 31 13:09:32 CST 2024,Wed Jan 31 13:09:32 CST 2024,null,15000,34,b848a8edee2a0171db6d7d8a4c92fa07e9f7a5af2ce147c51fdb4179e49837db,inscribed,null,null,null,null,null,null
343,07bcb1a5-287c-49f2-9aec-8dbf6807bd7e,unisatVerify,Coinmarketcap,FT,CMCA,whitelist,2MtnKsSKWm1bg8ZJLaJxbAiAhoDWc8BD2pj,tb1qdynfa04napkmmml4erfk6qmrtkf26j04lku4pj,2MtnKsSKWm1bg8ZJLaJxbAiAhoDWc8BD2pj,,1210,null,null,Wed Jan 31 13:08:55 CST 2024,Wed Jan 31 13:08:55 CST 2024,null,16000,34,da226ff7946e5e801d369f15971eb3384f7be171b53c8f63b1f375d4a175bc0c,inscribed,null,null,null,null,null,null
342,5f1b1b75-bc8b-4aa0-9975-d26de3e35a37,unisatVerify,Coinmarketcap,FT,CMCA,whitelist,mkrTZqwC8MchmG8VamPKmqeSE2JAc83kBn,tb1qdynfa04napkmmml4erfk6qmrtkf26j04lku4pj,mkrTZqwC8MchmG8VamPKmqeSE2JAc83kBn,,1210,null,null,Wed Jan 31 13:06:54 CST 2024,Wed Jan 31 13:06:54 CST 2024,null,11000,34,d6334a666e107163f78ee3d980cf53af0545598d0117cef20bc2c063a81039c4,inscribed,null,null,null,null,null,null
341,f0bbb891-ae03-43f4-8de2-99a5050e4c8d,unisatVerify,Coinmarketcap,FT,CMCA,whitelist,tb1q82y0020t8mcpr7e4a2xpgwaaw4tk35fsmuer5m,tb1qdynfa04napkmmml4erfk6qmrtkf26j04lku4pj,tb1q82y0020t8mcpr7e4a2xpgwaaw4tk35fsmuer5m,,1210,null,null,Wed Jan 31 11:02:16 CST 2024,Wed Jan 31 11:02:16 CST 2024,null,12000,34,46ef7e116e54ed823608e88362f825fba7e8f6912939d662e44d64c637f90607,inscribed,null,null,null,null,null,null
339,cdb224e8-520f-49e7-a056-b5b84ffee9d5,completed,Deindex OG Pass,NFT,OG Pass NFT,public,tb1qwtql4sxrsedv6g2tg5ek6pwx27rr37wjycaky8,2NFFkQiFUfNNr2hR4kNannx9DmTuVRc2aiw,tb1qwtql4sxrsedv6g2tg5ek6pwx27rr37wjycaky8,,3600,null,null,Tue Jan 30 14:52:20 CST 2024,Tue Jan 30 14:52:20 CST 2024,null,3,6,11584b06d9984bebf905c49a98ca95c7fdcc201599f42e84ea011dd41869ddf3,uninscribed,null,null,null,null,null,null
338,8e1d404b-6b7f-42b8-a1bc-9b1323af7677,completed,Deindex OG Pass,NFT,OG Pass NFT,public,tb1qx0x44w9ptwn32f9cuwm94td77g3f3ag0r97fw4,2NFFkQiFUfNNr2hR4kNannx9DmTuVRc2aiw,tb1qx0x44w9ptwn32f9cuwm94td77g3f3ag0r97fw4,,4800,null,null,Tue Jan 30 14:52:18 CST 2024,Tue Jan 30 14:52:18 CST 2024,null,4,6,0af3e35f1dcaa7acad1332a24631507b34a8b48e190518ff5e722865b947d4b6,uninscribed,null,null,null,null,null,null
336,258b2eec-e69a-4a71-b7c1-393221a08167,unisatVerify,FT003,FT,CMCC,whitelist,mkFZCWfxnWajXVVfkFdtywcH5bMtyK7LfB,tb1pkq0ene0gyufgcfev96z8cmk677xs7arpzhkffplcn7npcdrsx94q4q023k,mkFZCWfxnWajXVVfkFdtywcH5bMtyK7LfB,,1210,null,null,Tue Jan 30 11:54:49 CST 2024,Tue Jan 30 11:54:49 CST 2024,null,1500,31,6db465b54f295269dcc44659800b2650255764f08704c1444a27688fe39c7d77,inscribed,null,null,null,null,null,null
335,69ab28d8-59ed-408e-baef-9c3b0de9993b,unisatVerify,FT003,FT,CMCC,whitelist,2MuGcueawXa5NuB3bZvyHb4EoPmk2V7sjaN,tb1pkq0ene0gyufgcfev96z8cmk677xs7arpzhkffplcn7npcdrsx94q4q023k,2MuGcueawXa5NuB3bZvyHb4EoPmk2V7sjaN,,1210,null,null,Tue Jan 30 11:44:41 CST 2024,Tue Jan 30 11:44:41 CST 2024,null,1000,31,87186126a57878478ba08d86c56f46e5f5afb43010e91679d3068e4dddbb3a84,inscribed,null,null,null,null,null,null
333,d044a400-3db8-4acb-b570-d2debb467077,failed,FT003,FT,CMCC,whitelist,tb1qr32nhzfe0hcjdrawqzkwrzkm7xu7k22k823nfw,tb1pkq0ene0gyufgcfev96z8cmk677xs7arpzhkffplcn7npcdrsx94q4q023k,tb1qr32nhzfe0hcjdrawqzkwrzkm7xu7k22k823nfw,,605,null,null,Tue Jan 30 10:24:28 CST 2024,Tue Jan 30 10:24:28 CST 2024,null,700000000,31,1b12b07de0fd6708f24c524823fac56422cf55afd8e2780c60cefbe8b062ce1b,uninscribed,null,null,null,null,null,null
332,8b7fe98b-21c1-49cc-9158-abfb141f3f2c,unisatVerify,FT003,FT,CMCC,whitelist,tb1prqe6t7cquxe30synmcwhq5gxzu52geh98w3yk2895fdyuwg075rq547zmj,tb1pkq0ene0gyufgcfev96z8cmk677xs7arpzhkffplcn7npcdrsx94q4q023k,tb1prqe6t7cquxe30synmcwhq5gxzu52geh98w3yk2895fdyuwg075rq547zmj,,1210,null,null,Tue Jan 30 10:22:04 CST 2024,Tue Jan 30 10:22:04 CST 2024,null,2000,31,d7d98aeac6d8b299da08d6141ef753b0959d73c6b07b6e3da01b793a564db9a8,inscribed,null,null,null,null,null,null
331,372881bc-9506-47e6-bd71-585809ac2715,unisatVerify,FT003,FT,CMCC,whitelist,tb1qwtql4sxrsedv6g2tg5ek6pwx27rr37wjycaky8,tb1pkq0ene0gyufgcfev96z8cmk677xs7arpzhkffplcn7npcdrsx94q4q023k,tb1qwtql4sxrsedv6g2tg5ek6pwx27rr37wjycaky8,,1210,null,null,Tue Jan 30 10:18:48 CST 2024,Tue Jan 30 10:18:48 CST 2024,null,200000000,31,2ec15a2ed77f896466eacb7ad7768cd6af0f34618cdfea2ffc9cfa5782b5e4d2,inscribed,null,null,null,null,null,null
299,f6a8476b-aac6-4851-8243-45a837f2a29b,completed,NFT001,NFT,nft1,public,tb1qwtql4sxrsedv6g2tg5ek6pwx27rr37wjycaky8,tb1qct9pfnjlsrdfghucnwczakvewkp276mw3tjrcx,tb1qwtql4sxrsedv6g2tg5ek6pwx27rr37wjycaky8,,3600,null,null,Mon Jan 29 21:21:56 CST 2024,Mon Jan 29 21:21:56 CST 2024,null,3,1,0ac596dfcbba6931ba3f83c17dec36b0e7942eaf33fd8b67ad8a548dfdd7949e,uninscribed,null,null,null,null,null,null
298,61feb48b-9857-42f9-98e3-6156c45b5815,completed,NFT004,NFT,nft04,public,tb1qx0x44w9ptwn32f9cuwm94td77g3f3ag0r97fw4,tb1p6v6duc4jllchezh5z5ftxza6s2kcs3x3tge6hny8a3kdyy4r9daquj474x,tb1qx0x44w9ptwn32f9cuwm94td77g3f3ag0r97fw4,,3900,null,null,Mon Jan 29 21:13:51 CST 2024,Mon Jan 29 21:13:51 CST 2024,null,3,4,ade2d1fb9399dc1f4f4346259afeff1b526a99e03a6d854e3bbb100036723ea1,uninscribed,null,null,null,null,null,null
297,ca9f726c-e10c-4bcc-9314-c16fa3bd7e71,completed,NFT004,NFT,nft04,public,tb1qx0x44w9ptwn32f9cuwm94td77g3f3ag0r97fw4,tb1p6v6duc4jllchezh5z5ftxza6s2kcs3x3tge6hny8a3kdyy4r9daquj474x,tb1qx0x44w9ptwn32f9cuwm94td77g3f3ag0r97fw4,,1300,null,null,Mon Jan 29 21:10:43 CST 2024,Mon Jan 29 21:10:43 CST 2024,null,1,4,51376fe1c25cc3d64c8f6b19b29e7c446b720009e652bb5902baa888837b52ce,uninscribed,null,null,null,null,null,null
296,5a564b98-594f-47f7-84a4-d5a23334bee8,pending,FT003,FT,CMCC,whitelist,tb1qx0x44w9ptwn32f9cuwm94td77g3f3ag0r97fw4,tb1pkq0ene0gyufgcfev96z8cmk677xs7arpzhkffplcn7npcdrsx94q4q023k,tb1qx0x44w9ptwn32f9cuwm94td77g3f3ag0r97fw4,,1210,null,null,Mon Jan 29 20:59:44 CST 2024,Mon Jan 29 20:59:44 CST 2024,null,1,31,623996a2f8b72681eb6a1a6f741e7e821355a6f77072f00cc4f01e933ee8bcdd,uninscribed,null,null,null,null,null,null
295,0ba23621-2558-47c3-a887-415361921ea9,failed,FT001,FT,ckll,public,tb1qx0x44w9ptwn32f9cuwm94td77g3f3ag0r97fw4,tb1p0ghj44qfkpuular7vez8fqdz3armsw3z2n522g48c4uxgnprscrsd0ekze,tb1qx0x44w9ptwn32f9cuwm94td77g3f3ag0r97fw4,,1000,null,null,Mon Jan 29 20:52:16 CST 2024,Mon Jan 29 20:52:16 CST 2024,null,10,26,dd029dba5951f609caa0b83700ece67229d0520dd0e30cfc97392ae104688bd2,uninscribed,null,null,null,null,null,null
292,a0f26e9a-6709-4f09-8b04-b4898fc59fe4,unisatVerify,FT003,FT,CMCC,whitelist,tb1qx0x44w9ptwn32f9cuwm94td77g3f3ag0r97fw4,tb1pkq0ene0gyufgcfev96z8cmk677xs7arpzhkffplcn7npcdrsx94q4q023k,tb1qx0x44w9ptwn32f9cuwm94td77g3f3ag0r97fw4,,1210,null,null,Mon Jan 29 20:41:04 CST 2024,Mon Jan 29 20:41:04 CST 2024,null,1000000000,31,8e981f7aa687dde09142d61afe11afd8ff2e2cfd154d26e596c0e12b647438ed,inscribed,null,null,null,null,null,null
291,9a5b849d-b5d6-4e4f-bf57-3af03cd60ea1,unisatVerify,FT003,FT,CMCC,whitelist,tb1q8gfj63cgvh8dqltp0kmpzghnx7sxz349q58hkn,tb1pkq0ene0gyufgcfev96z8cmk677xs7arpzhkffplcn7npcdrsx94q4q023k,tb1q8gfj63cgvh8dqltp0kmpzghnx7sxz349q58hkn,,1210,null,null,Mon Jan 29 20:40:12 CST 2024,Mon Jan 29 20:40:12 CST 2024,null,200000000,31,377e3df69ee74565b0674aef71cf5a97e1c2e43a26c249e9002fe44c3f1c23de,inscribed,null,null,null,null,null,null
290,d8a9cdf5-b974-4305-b8ef-a26c1a22f123,completed,NFT004,NFT,nft04,public,tb1qwtql4sxrsedv6g2tg5ek6pwx27rr37wjycaky8,tb1p6v6duc4jllchezh5z5ftxza6s2kcs3x3tge6hny8a3kdyy4r9daquj474x,tb1qwtql4sxrsedv6g2tg5ek6pwx27rr37wjycaky8,,5200,null,null,Mon Jan 29 18:23:02 CST 2024,Mon Jan 29 18:23:02 CST 2024,null,4,4,d057f8b006984a3a088b4cf0ec293fc3f1d6b83860b45abf4a1bed552dfb3d03,uninscribed,null,null,null,null,null,null
289,4bd932e7-c2cf-49b5-b90e-12ebcaad6de4,completed,NFT001,NFT,nft1,public,tb1qwtql4sxrsedv6g2tg5ek6pwx27rr37wjycaky8,tb1qct9pfnjlsrdfghucnwczakvewkp276mw3tjrcx,tb1qwtql4sxrsedv6g2tg5ek6pwx27rr37wjycaky8,,1200,null,null,Mon Jan 29 18:21:58 CST 2024,Mon Jan 29 18:21:58 CST 2024,null,1,1,04796efee2b8f00ae759c668a3110e0d7ccd688f35bf9807a36f6a79f126b5a7,uninscribed,null,null,null,null,null,null
284,ba6f4e29-2b68-4b3c-8d4b-c09f2072a5e7,unisatVerify,FT001,FT,ckll,whitelist,tb1qwtql4sxrsedv6g2tg5ek6pwx27rr37wjycaky8,tb1p0ghj44qfkpuular7vez8fqdz3armsw3z2n522g48c4uxgnprscrsd0ekze,tb1qwtql4sxrsedv6g2tg5ek6pwx27rr37wjycaky8,,1210,null,null,Mon Jan 29 18:03:51 CST 2024,Mon Jan 29 18:03:51 CST 2024,null,15,26,6ad41e701d565dda64a40991e6a4bcac80a669bf692d5134a0b093f93b507a78,inscribed,null,null,null,null,null,null
280,1935784f-1036-476e-b10c-d6d5b1e24669,unisatVerify,FT001,FT,ckll,whitelist,tb1qx0x44w9ptwn32f9cuwm94td77g3f3ag0r97fw4,tb1p0ghj44qfkpuular7vez8fqdz3armsw3z2n522g48c4uxgnprscrsd0ekze,tb1qx0x44w9ptwn32f9cuwm94td77g3f3ag0r97fw4,,1210,null,null,Mon Jan 29 17:55:19 CST 2024,Mon Jan 29 17:55:19 CST 2024,null,13,26,6e6f6fa2812e1cce6348253fba508e741410ce7aee7d1d50e931a220d5602869,inscribed,null,null,null,null,null,null
278,35c2cae1-957c-408d-bc56-5bc2a71facea,pending,FT001,FT,ckll,whitelist,tb1qr32nhzfe0hcjdrawqzkwrzkm7xu7k22k823nfw,tb1p0ghj44qfkpuular7vez8fqdz3armsw3z2n522g48c4uxgnprscrsd0ekze,tb1qr32nhzfe0hcjdrawqzkwrzkm7xu7k22k823nfw,,1210,null,null,Mon Jan 29 17:19:21 CST 2024,Mon Jan 29 17:19:21 CST 2024,null,30,26,fc2b785cd58da45b76f50cdc92a09ba4249226e5b5b4f797ee1f83221e35dcbe,uninscribed,null,null,null,null,null,null
277,80e24888-57e3-41aa-823d-313306f5db62,failed,FT001,FT,ckll,whitelist,tb1qr32nhzfe0hcjdrawqzkwrzkm7xu7k22k823nfw,tb1p0ghj44qfkpuular7vez8fqdz3armsw3z2n522g48c4uxgnprscrsd0ekze,tb1qr32nhzfe0hcjdrawqzkwrzkm7xu7k22k823nfw,,1210,null,null,Mon Jan 29 17:18:13 CST 2024,Mon Jan 29 17:18:13 CST 2024,null,30,26,4e7e8fe8071907debb189a8f2b7880423005ec3651e57d8606911702b05a223e,uninscribed,null,null,null,null,null,null
276,5efa4cfe-8d81-49bb-8f8a-30c551da4610,failed,FT001,FT,ckll,whitelist,tb1qr32nhzfe0hcjdrawqzkwrzkm7xu7k22k823nfw,tb1p0ghj44qfkpuular7vez8fqdz3armsw3z2n522g48c4uxgnprscrsd0ekze,tb1qr32nhzfe0hcjdrawqzkwrzkm7xu7k22k823nfw,,1210,null,null,Mon Jan 29 17:15:24 CST 2024,Mon Jan 29 17:15:24 CST 2024,null,30,26,f93b52f8e2d771bfba17e5bfd5162d30b8c1bc752dd642c8233c54952b1c8045,uninscribed,null,null,null,null,null,null
274,2296c39b-d5ae-4ff3-abf9-a25109c6a9c4,failed,FT001,FT,ckll,whitelist,tb1qr32nhzfe0hcjdrawqzkwrzkm7xu7k22k823nfw,tb1p0ghj44qfkpuular7vez8fqdz3armsw3z2n522g48c4uxgnprscrsd0ekze,tb1qr32nhzfe0hcjdrawqzkwrzkm7xu7k22k823nfw,,1210,null,null,Mon Jan 29 17:00:08 CST 2024,Mon Jan 29 17:00:08 CST 2024,null,30,26,aa5db3817a6145628627dd2ea370b790955150f72fa11ada15f569b347af4ac2,uninscribed,null,null,null,null,null,null
273,332c4070-47a4-41ab-bfec-663b56c4b562,unisatVerify,FT001,FT,ckll,whitelist,tb1q659ky87uaya62lakc2p0rjkc2f99e2ecydgr2m,tb1p0ghj44qfkpuular7vez8fqdz3armsw3z2n522g48c4uxgnprscrsd0ekze,tb1q659ky87uaya62lakc2p0rjkc2f99e2ecydgr2m,,1210,null,null,Mon Jan 29 15:55:30 CST 2024,Mon Jan 29 15:55:30 CST 2024,null,17,26,1aeab0af15e3fc48168ea03d1040c557f1225c2ca8307eb255f2db2ce78e128f,inscribed,null,null,null,null,null,null
271,c2cde139-1177-4bea-abf2-ae3c7a413f0a,unisatVerify,FT001,FT,ckll,whitelist,tb1qln42ttmgsk0ulgnfgrc6tvsuxcasc60u76yhsy,tb1p0ghj44qfkpuular7vez8fqdz3armsw3z2n522g48c4uxgnprscrsd0ekze,tb1qln42ttmgsk0ulgnfgrc6tvsuxcasc60u76yhsy,,1210,null,null,Mon Jan 29 15:54:06 CST 2024,Mon Jan 29 15:54:06 CST 2024,null,12,26,878289f465a88060f0b7761b45f1e82b7e70884710692c9522f2d9620f332ca8,inscribed,null,null,null,null,null,null
256,09e05e99-4f00-4634-b3b0-8f4c175ac602,completed,NFT001,NFT,nft1,public,tb1qg9hl3ulg20hel6aen5dtmhzhprjee039heu5hj,tb1qct9pfnjlsrdfghucnwczakvewkp276mw3tjrcx,tb1qg9hl3ulg20hel6aen5dtmhzhprjee039heu5hj,,3600,null,null,Fri Jan 26 22:39:58 CST 2024,Fri Jan 26 22:39:58 CST 2024,null,3,1,a155ed92fb9f252e29bf6c6f19455a196fa8a1fe161f83e025ccd87e91a7ffcc,uninscribed,null,null,null,null,null,null
255,e54896d7-80f5-4706-b890-9ffa803cab42,failed,NFT001,NFT,nft1,public,tb1qg9hl3ulg20hel6aen5dtmhzhprjee039heu5hj,tb1qct9pfnjlsrdfghucnwczakvewkp276mw3tjrcx,tb1qg9hl3ulg20hel6aen5dtmhzhprjee039heu5hj,,2400,null,null,Fri Jan 26 22:39:29 CST 2024,Fri Jan 26 22:40:24 CST 2024,null,2,1,fd748d6b925149fdbf4c54d957aa9b63033af5ea8ec3c5a5f595e09c5b8735ac,uninscribed,null,null,null,null,null,null
254,a62c561c-7e04-431f-8e6f-e8119a5afe4d,completed,NFT001,NFT,nft1,public,tb1qg9hl3ulg20hel6aen5dtmhzhprjee039heu5hj,tb1qct9pfnjlsrdfghucnwczakvewkp276mw3tjrcx,tb1qg9hl3ulg20hel6aen5dtmhzhprjee039heu5hj,,1200,null,null,Fri Jan 26 22:39:12 CST 2024,Fri Jan 26 22:39:12 CST 2024,null,1,1,eb7a7eca38b9f758f2118c00f5c49b3da3cb3e6834d8ddb9050a581d162dec60,uninscribed,null,null,null,null,null,null
253,f529d37d-37da-422f-a326-ff20f788b5dc,failed,NFT002,NFT,nft2,public,tb1qg9hl3ulg20hel6aen5dtmhzhprjee039heu5hj,tb1pn0p79t9vx39kscnya2xwa45d79fc3x0ella2a634wcxwm0e0f6uqqm0ya9,tb1qg9hl3ulg20hel6aen5dtmhzhprjee039heu5hj,,1200,null,null,Fri Jan 26 22:38:00 CST 2024,Fri Jan 26 22:38:00 CST 2024,null,1,3,24facaf8faf4d25c6c5df495128fa2deafe3ab674c088028f27a0d6685d0d616,uninscribed,null,null,null,null,null,null
252,7505d0ff-88a9-44c4-b7a7-0f363b2ddc82,failed,NFT002,NFT,nft2,public,tb1qg9hl3ulg20hel6aen5dtmhzhprjee039heu5hj,tb1pn0p79t9vx39kscnya2xwa45d79fc3x0ella2a634wcxwm0e0f6uqqm0ya9,tb1qg9hl3ulg20hel6aen5dtmhzhprjee039heu5hj,,2400,null,null,Fri Jan 26 22:37:11 CST 2024,Fri Jan 26 22:37:11 CST 2024,null,2,3,b35ca23394c5c294000462fb541b06d1b3e30a6f04f047c2d7d8ba39a1cab910,uninscribed,null,null,null,null,null,null
251,9210f677-4761-49b7-80c0-25be6f785efc,failed,NFT002,NFT,nft2,public,tb1qg9hl3ulg20hel6aen5dtmhzhprjee039heu5hj,tb1pn0p79t9vx39kscnya2xwa45d79fc3x0ella2a634wcxwm0e0f6uqqm0ya9,tb1qg9hl3ulg20hel6aen5dtmhzhprjee039heu5hj,,2400,null,null,Fri Jan 26 22:36:44 CST 2024,Fri Jan 26 22:40:23 CST 2024,null,2,3,f689ce40e317f510608da04afa4e887a439cdc6e83813cc760a3ce79a71d6154,uninscribed,null,null,null,null,null,null
250,d0cb7aa0-3bba-4ec5-ae29-faf386bb9e39,completed,NFT003,NFT,nft3,public,tb1qg9hl3ulg20hel6aen5dtmhzhprjee039heu5hj,tb1q8gfj63cgvh8dqltp0kmpzghnx7sxz349q58hkn,tb1qg9hl3ulg20hel6aen5dtmhzhprjee039heu5hj,,1200,null,null,Fri Jan 26 22:35:28 CST 2024,Fri Jan 26 22:35:28 CST 2024,null,1,2,0a2b22117c1565a856f9f7a8a7c6bbf4b0b9a21b443709fad7dc540456206df6,uninscribed,null,null,null,null,null,null
249,556575b0-b809-400a-96c9-2c3bbd573681,completed,NFT003,NFT,nft3,public,tb1qg9hl3ulg20hel6aen5dtmhzhprjee039heu5hj,tb1q8gfj63cgvh8dqltp0kmpzghnx7sxz349q58hkn,tb1qg9hl3ulg20hel6aen5dtmhzhprjee039heu5hj,,1200,null,null,Fri Jan 26 22:35:13 CST 2024,Fri Jan 26 22:35:13 CST 2024,null,1,2,0920385d6bf5defd08294c529f3e3f8cc022b631fd8808ce38452269c784e00b,uninscribed,null,null,null,null,null,null
248,c138a2c8-30a8-4cc8-9ed7-4fd250baee7c,completed,NFT003,NFT,nft3,public,tb1qg9hl3ulg20hel6aen5dtmhzhprjee039heu5hj,tb1q8gfj63cgvh8dqltp0kmpzghnx7sxz349q58hkn,tb1qg9hl3ulg20hel6aen5dtmhzhprjee039heu5hj,,2400,null,null,Fri Jan 26 22:34:38 CST 2024,Fri Jan 26 22:34:38 CST 2024,null,2,2,24d75294a74b0a5bbba06ea720d63b715decc9062e88a383fecd2ce3a76e5828,uninscribed,null,null,null,null,null,null
247,9c9a0c7f-3c25-447a-b30b-f3e38a93b317,completed,NFT001,NFT,nft1,whitelist,tb1qln42ttmgsk0ulgnfgrc6tvsuxcasc60u76yhsy,tb1qct9pfnjlsrdfghucnwczakvewkp276mw3tjrcx,tb1qln42ttmgsk0ulgnfgrc6tvsuxcasc60u76yhsy,,3600,null,null,Fri Jan 26 18:58:11 CST 2024,Fri Jan 26 18:58:11 CST 2024,null,3,1,a233744ce66e3d570fc93f8bb323a0ad64855456ea7f177ed34f348bd0cb5b41,uninscribed,null,null,null,null,null,null
245,3b805434-b693-4da4-a741-f499a2cc50ee,failed,FT002,FT,ft2,public,tb1qln42ttmgsk0ulgnfgrc6tvsuxcasc60u76yhsy,tb1qdynfa04napkmmml4erfk6qmrtkf26j04lku4pj,tb1qln42ttmgsk0ulgnfgrc6tvsuxcasc60u76yhsy,,3000,null,null,Fri Jan 26 18:35:56 CST 2024,Fri Jan 26 18:35:56 CST 2024,null,3,27,ca3d3253615df5c24668198a1af0f3531013538cdb63278869de4587bb63c61a,failed,null,null,null,null,null,null
244,e244f8f1-dfe4-43ca-b026-cf4d0030c731,failed,FT002,FT,ft2,public,tb1qln42ttmgsk0ulgnfgrc6tvsuxcasc60u76yhsy,tb1qdynfa04napkmmml4erfk6qmrtkf26j04lku4pj,tb1qln42ttmgsk0ulgnfgrc6tvsuxcasc60u76yhsy,,1000,null,null,Fri Jan 26 18:34:59 CST 2024,Fri Jan 26 18:34:59 CST 2024,null,1,27,2c6280c9b7701a35ef3feeb124038bb4b89b49086d281eb9b5a87dd103f65025,failed,null,null,null,null,null,null
243,0e65e6b8-639c-43ac-8246-68a165888491,failed,FT002,FT,ft2,public,tb1qln42ttmgsk0ulgnfgrc6tvsuxcasc60u76yhsy,tb1qdynfa04napkmmml4erfk6qmrtkf26j04lku4pj,tb1qln42ttmgsk0ulgnfgrc6tvsuxcasc60u76yhsy,,2000,null,null,Fri Jan 26 18:34:21 CST 2024,Fri Jan 26 18:34:21 CST 2024,null,2,27,255c05189b428828a8541e560ed9474eca1d59a958e5a9d5225a96abaf76b284,inscribed,null,null,null,null,null,null
242,807377a5-042f-422d-94ad-09f99400f3e8,failed,FT002,FT,ft2,public,tb1qln42ttmgsk0ulgnfgrc6tvsuxcasc60u76yhsy,tb1qdynfa04napkmmml4erfk6qmrtkf26j04lku4pj,tb1qln42ttmgsk0ulgnfgrc6tvsuxcasc60u76yhsy,,1000,null,null,Fri Jan 26 18:33:39 CST 2024,Fri Jan 26 18:33:39 CST 2024,null,1,27,dea888f1f07e936994068175e6605b2b2c93fe0b51a30c6a63e94c764cb71689,inscribed,null,null,null,null,null,null
241,fb2ddba3-9979-4105-9109-25ab15fb38d0,completed,NFT002,NFT,nft2,public,tb1qln42ttmgsk0ulgnfgrc6tvsuxcasc60u76yhsy,tb1pn0p79t9vx39kscnya2xwa45d79fc3x0ella2a634wcxwm0e0f6uqqm0ya9,tb1qln42ttmgsk0ulgnfgrc6tvsuxcasc60u76yhsy,,1200,null,null,Fri Jan 26 18:16:10 CST 2024,Fri Jan 26 18:16:10 CST 2024,null,1,3,be6247349ad7a809963f0d338fa0b724c10e5eb6ef65952109b230ac12980df5,uninscribed,null,null,null,null,null,null
240,4e6d16aa-c4bc-4d95-9d4c-ca21dadf2eed,completed,NFT001,NFT,nft1,whitelist,tb1qx0x44w9ptwn32f9cuwm94td77g3f3ag0r97fw4,tb1qct9pfnjlsrdfghucnwczakvewkp276mw3tjrcx,tb1qx0x44w9ptwn32f9cuwm94td77g3f3ag0r97fw4,,3600,null,null,Fri Jan 26 18:16:09 CST 2024,Fri Jan 26 18:16:09 CST 2024,null,3,1,7d41a796b243bcce47cb335add5e662955546ab79f8e0426b71f5aa466596b1f,uninscribed,null,null,null,null,null,null
239,7ceb4bf4-ab66-4326-b760-0d238bda4a4f,completed,NFT001,NFT,nft1,public,tb1qx0x44w9ptwn32f9cuwm94td77g3f3ag0r97fw4,tb1qct9pfnjlsrdfghucnwczakvewkp276mw3tjrcx,tb1qx0x44w9ptwn32f9cuwm94td77g3f3ag0r97fw4,,1200,null,null,Fri Jan 26 17:56:13 CST 2024,Fri Jan 26 17:56:13 CST 2024,null,1,1,8f1789cef2818c3ea372804ad776d2c79b95cd162a4c80b317fac62eb811b4f5,uninscribed,null,null,null,null,null,null
238,ed45aa3d-c1f2-46e9-9dde-16af9ced13e1,failed,NFT002,NFT,nft2,whitelist,tb1qwtql4sxrsedv6g2tg5ek6pwx27rr37wjycaky8,tb1pn0p79t9vx39kscnya2xwa45d79fc3x0ella2a634wcxwm0e0f6uqqm0ya9,tb1qwtql4sxrsedv6g2tg5ek6pwx27rr37wjycaky8,,3600,null,null,Fri Jan 26 17:48:36 CST 2024,Fri Jan 26 17:48:36 CST 2024,null,3,3,bda4052da97da58d3a80234e544af1dccd7fd1cb308cf4df5b7dcc16c4846c9f,uninscribed,null,null,null,null,null,null
237,d9359f62-7321-457c-a623-89f2406120b3,completed,NFT003,NFT,nft3,whitelist,tb1qwtql4sxrsedv6g2tg5ek6pwx27rr37wjycaky8,tb1q8gfj63cgvh8dqltp0kmpzghnx7sxz349q58hkn,tb1qwtql4sxrsedv6g2tg5ek6pwx27rr37wjycaky8,,3600,null,null,Fri Jan 26 17:48:09 CST 2024,Fri Jan 26 17:48:09 CST 2024,null,3,2,5311ed34e6920c16c9f9b1d687660473da02f0404643db6656977c8e3bb1000b,uninscribed,null,null,null,null,null,null
236,d50ded56-df75-4848-8d6b-051e8f4c5e6d,completed,NFT003,NFT,nft3,whitelist,tb1qg9hl3ulg20hel6aen5dtmhzhprjee039heu5hj,tb1q8gfj63cgvh8dqltp0kmpzghnx7sxz349q58hkn,tb1qg9hl3ulg20hel6aen5dtmhzhprjee039heu5hj,,3600,null,null,Fri Jan 26 17:47:54 CST 2024,Fri Jan 26 17:47:54 CST 2024,null,3,2,90f73f25e6217e87c4716174a2e4da304e13b5b170b656a6731c50a12f05567e,uninscribed,null,null,null,null,null,null
235,d2669821-fe93-49b0-b75e-d725e2899785,failed,NFT002,NFT,nft2,whitelist,tb1q659ky87uaya62lakc2p0rjkc2f99e2ecydgr2m,tb1pn0p79t9vx39kscnya2xwa45d79fc3x0ella2a634wcxwm0e0f6uqqm0ya9,tb1q659ky87uaya62lakc2p0rjkc2f99e2ecydgr2m,,2400,null,null,Fri Jan 26 17:47:16 CST 2024,Fri Jan 26 17:47:16 CST 2024,null,2,3,c7bd8f82da29f6b3d2e11fa77912fbddfdad78e9b36daf23a70c96dc2b09efe9,uninscribed,null,null,null,null,null,null
234,59d8a304-d15b-40c6-a795-43def64de201,failed,NFT002,NFT,nft2,public,tb1qg9hl3ulg20hel6aen5dtmhzhprjee039heu5hj,tb1pn0p79t9vx39kscnya2xwa45d79fc3x0ella2a634wcxwm0e0f6uqqm0ya9,tb1qg9hl3ulg20hel6aen5dtmhzhprjee039heu5hj,,1200,null,null,Fri Jan 26 17:46:51 CST 2024,Fri Jan 26 17:46:51 CST 2024,null,1,3,1fe65df83cdb0d51a595c4031d761324d66fd979dcd11cd1b6031eef55006f53,uninscribed,null,null,null,null,null,null
233,671b23a6-c53a-4daa-b75b-e41f3eb9b16f,completed,NFT002,NFT,nft2,whitelist,tb1qr32nhzfe0hcjdrawqzkwrzkm7xu7k22k823nfw,tb1pn0p79t9vx39kscnya2xwa45d79fc3x0ella2a634wcxwm0e0f6uqqm0ya9,tb1qr32nhzfe0hcjdrawqzkwrzkm7xu7k22k823nfw,,1200,null,null,Fri Jan 26 17:46:41 CST 2024,Fri Jan 26 17:46:41 CST 2024,null,1,3,9b244b5ba9c29bb3bcc12d54645ba0dec6ea5667970d256ce268cbd2105431ac,uninscribed,null,null,null,null,null,null
232,2149d10b-822b-4892-8043-78a9f86492be,completed,NFT002,NFT,nft2,public,tb1qg9hl3ulg20hel6aen5dtmhzhprjee039heu5hj,tb1pn0p79t9vx39kscnya2xwa45d79fc3x0ella2a634wcxwm0e0f6uqqm0ya9,tb1qg9hl3ulg20hel6aen5dtmhzhprjee039heu5hj,,3600,null,null,Fri Jan 26 17:46:31 CST 2024,Fri Jan 26 17:46:31 CST 2024,null,3,3,36a36bc2e66d76fcd3b4b4aec77dd0ae3d8be1ca1b62e45da63e4662fea9a5f9,uninscribed,null,null,null,null,null,null
231,55a9d09f-f7e0-42f5-9652-e2e9dc22fa9d,completed,NFT003,NFT,nft3,whitelist,tb1qr32nhzfe0hcjdrawqzkwrzkm7xu7k22k823nfw,tb1q8gfj63cgvh8dqltp0kmpzghnx7sxz349q58hkn,tb1qr32nhzfe0hcjdrawqzkwrzkm7xu7k22k823nfw,,4800,null,null,Fri Jan 26 17:45:53 CST 2024,Fri Jan 26 17:45:53 CST 2024,null,4,2,b61f16e94fed98f9345a41f7c4c6fad1cab43114e5a52d37d531fc7c0e4bd1b5,uninscribed,null,null,null,null,null,null
230,ce59a376-fd43-41b7-b7bf-c6350e33cefb,completed,NFT002,NFT,nft2,public,tb1q659ky87uaya62lakc2p0rjkc2f99e2ecydgr2m,tb1pn0p79t9vx39kscnya2xwa45d79fc3x0ella2a634wcxwm0e0f6uqqm0ya9,tb1q659ky87uaya62lakc2p0rjkc2f99e2ecydgr2m,,2400,null,null,Fri Jan 26 17:45:50 CST 2024,Fri Jan 26 17:45:50 CST 2024,null,2,3,fcde2b3ffef5b43a00aead15bb6f02c6bd489b0bf04ea869c91eb93a058ad316,uninscribed,null,null,null,null,null,null
228,ba2da5b5-0921-4b64-9046-0364e4bf89f1,completed,NFT003,NFT,nft3,whitelist,tb1qr32nhzfe0hcjdrawqzkwrzkm7xu7k22k823nfw,tb1q8gfj63cgvh8dqltp0kmpzghnx7sxz349q58hkn,tb1qr32nhzfe0hcjdrawqzkwrzkm7xu7k22k823nfw,,3600,null,null,Fri Jan 26 17:45:30 CST 2024,Fri Jan 26 17:45:30 CST 2024,null,3,2,67b0c2c7abf2f0dfb9badbf7ea4f6fcdade14d74253a62eecbeac282d884c363,uninscribed,null,null,null,null,null,null
227,8c3ab05d-91e1-4406-85fe-87c356dde5e9,failed,NFT002,NFT,nft2,public,tb1q659ky87uaya62lakc2p0rjkc2f99e2ecydgr2m,tb1pn0p79t9vx39kscnya2xwa45d79fc3x0ella2a634wcxwm0e0f6uqqm0ya9,tb1q659ky87uaya62lakc2p0rjkc2f99e2ecydgr2m,,2400,null,null,Fri Jan 26 17:45:27 CST 2024,Fri Jan 26 17:45:27 CST 2024,null,2,3,8c99ed1bcef6e3a32ee665ebe05ef79f8aafafb3ca5bc8b44d9b70d40615d152,uninscribed,null,null,null,null,null,null
222,bb21786e-baab-4efb-a652-16431d3435eb,completed,NFT001,NFT,nft1,public,tb1qg9hl3ulg20hel6aen5dtmhzhprjee039heu5hj,tb1qct9pfnjlsrdfghucnwczakvewkp276mw3tjrcx,tb1qg9hl3ulg20hel6aen5dtmhzhprjee039heu5hj,,3600,null,null,Fri Jan 26 17:29:20 CST 2024,Fri Jan 26 17:29:20 CST 2024,null,3,1,90abdee4a2fb111feb3fd05e030c5ac89a48a6af19d7b95a7e0413c9d1c17fb1,uninscribed,null,null,null,null,null,null
212,2a66be46-ac27-4a34-96e6-80c8d54bf272,completed,NFT001,NFT,nft1,public,tb1qr32nhzfe0hcjdrawqzkwrzkm7xu7k22k823nfw,tb1qct9pfnjlsrdfghucnwczakvewkp276mw3tjrcx,tb1qr32nhzfe0hcjdrawqzkwrzkm7xu7k22k823nfw,,2400,null,null,Fri Jan 26 15:44:40 CST 2024,Fri Jan 26 15:44:40 CST 2024,null,2,1,88a9b4e1b7fbd8168bb7b8b558ef6e68d5033688928214393d9b794d87f47bd4,uninscribed,null,null,null,null,null,null
211,0dde44ec-acff-4180-abca-e2a90b983a46,completed,NFT003,NFT,nft3,public,tb1q659ky87uaya62lakc2p0rjkc2f99e2ecydgr2m,tb1q8gfj63cgvh8dqltp0kmpzghnx7sxz349q58hkn,tb1q659ky87uaya62lakc2p0rjkc2f99e2ecydgr2m,,1200,null,null,Fri Jan 26 15:35:13 CST 2024,Fri Jan 26 15:35:13 CST 2024,null,1,2,68026b5f5bd3dbcc7574323c5d707760eb27056196c593f0e3b600fdde40413c,uninscribed,null,null,null,null,null,null
210,bae3b35b-bb77-4ddc-b6ae-862b1b8db2b1,completed,NFT001,NFT,nft1,public,tb1qwtql4sxrsedv6g2tg5ek6pwx27rr37wjycaky8,tb1qct9pfnjlsrdfghucnwczakvewkp276mw3tjrcx,tb1qwtql4sxrsedv6g2tg5ek6pwx27rr37wjycaky8,,4800,null,null,Fri Jan 26 15:29:27 CST 2024,Fri Jan 26 15:29:27 CST 2024,null,4,1,6e60e39958323faff2193d463868ae7a33cfcce488b32154c5990a664c8cd169,uninscribed,null,null,null,null,null,null
209,a20dd939-6e68-432f-a4cd-05360275ba62,completed,NFT002,NFT,nft2,public,tb1qwtql4sxrsedv6g2tg5ek6pwx27rr37wjycaky8,tb1pn0p79t9vx39kscnya2xwa45d79fc3x0ella2a634wcxwm0e0f6uqqm0ya9,tb1qwtql4sxrsedv6g2tg5ek6pwx27rr37wjycaky8,,1200,null,null,Fri Jan 26 15:27:12 CST 2024,Fri Jan 26 15:27:12 CST 2024,null,1,3,b8b6c80b800ee68171a6b611a3a2dc29744cc756e4e7a8ead0cd1772326da5bd,uninscribed,null,null,null,null,null,null
208,431cb49b-c2c1-460c-9b5c-c9aaf54781a6,completed,NFT002,NFT,nft2,public,tb1qg9hl3ulg20hel6aen5dtmhzhprjee039heu5hj,tb1pn0p79t9vx39kscnya2xwa45d79fc3x0ella2a634wcxwm0e0f6uqqm0ya9,tb1qg9hl3ulg20hel6aen5dtmhzhprjee039heu5hj,,1200,null,null,Fri Jan 26 15:26:53 CST 2024,Fri Jan 26 15:26:53 CST 2024,null,1,3,11353ce48403a0af03db22dc6f54ca4cc0bd5a86a5dcb548473dca54746679f0,uninscribed,null,null,null,null,null,null
207,09ede251-f68d-47fa-9bb9-c39f835513ea,completed,NFT003,NFT,nft3,public,tb1qwtql4sxrsedv6g2tg5ek6pwx27rr37wjycaky8,tb1q8gfj63cgvh8dqltp0kmpzghnx7sxz349q58hkn,tb1qwtql4sxrsedv6g2tg5ek6pwx27rr37wjycaky8,,3600,null,null,Fri Jan 26 15:26:21 CST 2024,Fri Jan 26 15:26:21 CST 2024,null,3,2,16d8e1396522c026cca30ea4a5b0ae4193b54e6bd63006bc008355059ce230f9,uninscribed,null,null,null,null,null,null
206,65e99da3-546d-433d-9543-186afdf2ea2f,failed,NFT002,NFT,nft2,public,tb1qr32nhzfe0hcjdrawqzkwrzkm7xu7k22k823nfw,tb1pn0p79t9vx39kscnya2xwa45d79fc3x0ella2a634wcxwm0e0f6uqqm0ya9,tb1qr32nhzfe0hcjdrawqzkwrzkm7xu7k22k823nfw,,3600,null,null,Fri Jan 26 15:25:46 CST 2024,Fri Jan 26 15:25:46 CST 2024,null,3,3,e4c0b3f685dfc8c3860be054cc8e624dd514abaa85965063657f3393e2badd19,uninscribed,null,null,null,null,null,null
205,afba7dfb-5e63-4d3e-b553-95177bd87061,completed,NFT003,NFT,nft3,public,tb1qwtql4sxrsedv6g2tg5ek6pwx27rr37wjycaky8,tb1q8gfj63cgvh8dqltp0kmpzghnx7sxz349q58hkn,tb1qwtql4sxrsedv6g2tg5ek6pwx27rr37wjycaky8,,3600,null,null,Fri Jan 26 15:25:44 CST 2024,Fri Jan 26 15:25:44 CST 2024,null,3,2,7324cc87e67ba8b506cd613bba2795b7725a4fcabb4c2089c1264eeabb46f28e,uninscribed,null,null,null,null,null,null
204,4b512ec2-c304-49cc-adeb-95e44f84b535,failed,NFT002,NFT,nft2,public,tb1qg9hl3ulg20hel6aen5dtmhzhprjee039heu5hj,tb1pn0p79t9vx39kscnya2xwa45d79fc3x0ella2a634wcxwm0e0f6uqqm0ya9,tb1qg9hl3ulg20hel6aen5dtmhzhprjee039heu5hj,,3600,null,null,Fri Jan 26 15:25:40 CST 2024,Fri Jan 26 15:25:40 CST 2024,null,3,3,9b6a87c69ebe14637fddea01ccd41cab916e01dc2c14500bf50046dbe2569b78,uninscribed,null,null,null,null,null,null
203,732de003-f362-4e8b-8112-c9f8d132c9f3,completed,NFT002,NFT,nft2,public,tb1qr32nhzfe0hcjdrawqzkwrzkm7xu7k22k823nfw,tb1pn0p79t9vx39kscnya2xwa45d79fc3x0ella2a634wcxwm0e0f6uqqm0ya9,tb1qr32nhzfe0hcjdrawqzkwrzkm7xu7k22k823nfw,,4800,null,null,Fri Jan 26 15:25:28 CST 2024,Fri Jan 26 15:25:28 CST 2024,null,4,3,6155e4ff176e5394a6b18cc7e6539d7bb3b98fea4578e479efb0db2e9515e5f6,uninscribed,null,null,null,null,null,null
202,4dbe8914-1883-4613-b6f3-f289dd532cb2,completed,NFT002,NFT,nft2,public,tb1qr32nhzfe0hcjdrawqzkwrzkm7xu7k22k823nfw,tb1pn0p79t9vx39kscnya2xwa45d79fc3x0ella2a634wcxwm0e0f6uqqm0ya9,tb1qr32nhzfe0hcjdrawqzkwrzkm7xu7k22k823nfw,,1200,null,null,Fri Jan 26 15:25:18 CST 2024,Fri Jan 26 15:25:18 CST 2024,null,1,3,b6ee9a6556de391b51b5b5bcf135b389e0f3b1c0a8aad6a1fd94ba9e0b393bb9,uninscribed,null,null,null,null,null,null
